"","MouseGeneID","HumanOrthologGeneID","Gene","Synonyms","Description","MitoCarta3.0_List","MitoCarta3.0_Evidence","MitoCarta3.0_SubMitoLocalization","MitoCarta3.0_MitoPathways","TrainingDataset","MitoCarta2.0_Score","MitoCarta2.0_FDR","MitoCarta2.0_List","MitoCarta2.0_Evidence","EnsemblGeneID","UniProt","ProteinLength","TargetP_Score","MitoDomain_Score","CoexpressionGnfN50_Score","PGC_Induction_Score","YeastMitoHomolog_Score","RickettsiaHomolog_Score","MSMS_Score","mm10_Chromosome","mm10_Start","mm10_Stop","MSMS_NUM_TISSUES","MSMS_NUM_PEPTIDES_UNIQUE","MSMS_NUM_SPECTRA","MSMS_TOTAL_INTENSITY","MSMS_PERCENT_COVERAGE","Tissues","cerebrum_total_peak_intensity_log10","cerebellum_total_peak_intensity_log10","brainstem_total_peak_intensity_log10","spinalcord_total_peak_intensity_log10","kidney_total_peak_intensity_log10","liver_total_peak_intensity_log10","heart_total_peak_intensity_log10","skeletalmuscle_total_peak_intensity_log10","adipose_total_peak_intensity_log10","smallintestine_total_peak_intensity_log10","largeintestine_total_peak_intensity_log10","stomach_total_peak_intensity_log10","placenta_total_peak_intensity_log10","testis_total_peak_intensity_log10","HPA_Main_Location_2020 (Reliability)"
"1",57837,26284,"Eral1","2610524P08Rik|9130407C09Rik|AU019798|Era|M-ERA|MER|MERA|MERA-S|MERA-W","Era (G-protein)-like 1 (E. coli)","MitoCarta3.0","APEX_matrix, targetP signal+, yeast mito homolog+, Rickettsial homolog, mito protein domain, induction, coexpression++","Matrix","Mitochondrial central dogma > mtRNA metabolism > mtRNA granules | Mitochondrial central dogma > Translation > Mitochondrial ribosome assembly","Tmito",25.9752,0.003,1,"APEX_matrix, targetP signal+, yeast mito homolog+, Rickettsial homolog, mito protein domain, induction, coexpression++","ENSMUSG00000020832","Q9CZU4",437,1,"SharedDomain","43",0.53,"OrthologMitoLowConf","Homolog",NA,"chr11",78073375,78080383,NA,NA,NA,NA,NA,NA,NA,NA,NA,NA,NA,NA,NA,NA,NA,NA,NA,NA,NA,NA,"Mitochondria (Enhanced)"
"2",71883,27235,"Coq2","2310002F18Rik|PHB:PPT","coenzyme Q2 4-hydroxybenzoate polyprenyltransferase","MitoCarta3.0","literature, targetP signal+, yeast mito homolog++, Rickettsial homolog, mito protein domain, coexpression+","MIM","Metabolism > Metals and cofactors > Coenzyme Q metabolism","Tmito",23.1253,0.005,1,"literature, targetP signal+, yeast mito homolog++, Rickettsial homolog, mito protein domain, coexpression+","ENSMUSG00000029319","Q66JT7",374,1,"SharedDomain","35",NA,"OrthologMitoHighConf","Ortholog",NA,"chr5",100654725,100674256,NA,NA,NA,NA,NA,NA,NA,NA,NA,NA,NA,NA,NA,NA,NA,NA,NA,NA,NA,NA,"Cytosol (Approved)"
"3",103172,400916,"Chchd10","1620401E04Rik|AI267078|Ndg|Ndg2","coiled-coil-helix-coiled-coil-helix domain containing 10","MitoCarta3.0","literature, targetP signal, yeast mito homolog+, mito protein domain, induction, coexpression++","IMS","0","Tmito",22.0487,0.005,1,"literature, targetP signal, yeast mito homolog+, mito protein domain, induction, coexpression++","ENSMUSG00000049422","Q7TNL9",138,2,"SharedDomain","46",5.24,"OrthologMitoLowConf","NoHomolog",NA,"chr10",75935572,75937734,NA,NA,NA,NA,NA,NA,NA,NA,NA,NA,NA,NA,NA,NA,NA,NA,NA,NA,NA,NA,"Mitochondria (Supported)"
"4",70383,1352,"Cox10","2410004F01Rik|AU042636","heme A:farnesyltransferase cytochrome c oxidase assembly factor 10","MitoCarta3.0","literature, targetP signal, yeast mito homolog, Rickettsial homolog, mito protein domain, induction, coexpression++","MIM","OXPHOS > Complex IV > CIV assembly factors | Metabolism > Metals and cofactors > Heme synthesis and processing | OXPHOS > OXPHOS assembly factors","Tmito",20.69,0.004,1,"literature, targetP signal, yeast mito homolog, Rickettsial homolog, mito protein domain, induction, coexpression++","ENSMUSG00000042148","Q8CFY5",443,4,"SharedDomain","46",1.25,"HomologMitoHighConf","Ortholog",NA,"chr11",63962626,64079472,NA,NA,NA,NA,NA,NA,NA,NA,NA,NA,NA,NA,NA,NA,NA,NA,NA,NA,NA,NA,"Mitochondria (Supported)"
"5",228033,518,"Atp5g3","6030447M23|Atp5mc3","ATP synthase, H+ transporting, mitochondrial F0 complex, subunit C3 (subunit 9)","MitoCarta3.0","literature, targetP signal, yeast mito homolog+, Rickettsial homolog, mito protein domain, coexpression++","MIM","OXPHOS > Complex V > CV subunits | OXPHOS > OXPHOS subunits","Tmito",19.9947,0.004,1,"literature, targetP signal, yeast mito homolog+, Rickettsial homolog, mito protein domain, coexpression++","ENSMUSG00000018770","P56384",141,2,"SharedDomain","48",NA,"OrthologMitoLowConf","Homolog",NA,"chr2",73908449,73911294,NA,NA,NA,NA,NA,NA,NA,NA,NA,NA,NA,NA,NA,NA,NA,NA,NA,NA,NA,NA,NA
"6",66077,54998,"Aurkaip1","0610033H09Rik|Aip|Akip|MRP-S38","aurora kinase A interacting protein 1","MitoCarta3.0","GFP, targetP signal+, yeast mito homolog++, mito protein domain, coexpression+","Matrix","Mitochondrial central dogma > Translation > Mitochondrial ribosome","Tmito",18.4497,0.003,1,"GFP, targetP signal+, yeast mito homolog++, mito protein domain, coexpression+","ENSMUSG00000065990","Q9DCJ7",200,1,"SharedDomain","38",0.38,"OrthologMitoHighConf","NoHomolog",NA,"chr4",155831268,155833098,NA,NA,NA,NA,NA,NA,NA,NA,NA,NA,NA,NA,NA,NA,NA,NA,NA,NA,NA,NA,"Mitochondria;Nucleoplasm (Supported)"
"7",94066,64979,"Mrpl36","AI646041","mitochondrial ribosomal protein L36","MitoCarta3.0","literature, targetP signal, yeast mito homolog++, mito protein domain, induction, coexpression+","Matrix","Mitochondrial central dogma > Translation > Mitochondrial ribosome","Tmito",17.6519,0.003,1,"literature, targetP signal, yeast mito homolog++, mito protein domain, induction, coexpression+","ENSMUSG00000021607","Q99N90",102,3,"SharedDomain","39",0.69,"OrthologMitoHighConf","NoHomolog",NA,"chr13",73331008,73332178,NA,NA,NA,NA,NA,NA,NA,NA,NA,NA,NA,NA,NA,NA,NA,NA,NA,NA,NA,NA,"Mitochondria;Nuclear bodies (Supported)"
"8",382117,285343,"Tcaim","D9Ertd402|D9Ertd402e|Gm1129|TOAG-1","T cell activation inhibitor, mitochondrial","MitoCarta3.0","literature, APEX_matrix, targetP signal+, mito protein domain+, coexpression++","Matrix","0","Tmito",17.3917,0.003,1,"literature, APEX_matrix, targetP signal+, mito protein domain+, coexpression++","ENSMUSG00000046603","Q66JZ4",509,1,"MitoDomain","41",NA,"NoMitoHomolog","NoHomolog",NA,"chr9",122805546,122836332,NA,NA,NA,NA,NA,NA,NA,NA,NA,NA,NA,NA,NA,NA,NA,NA,NA,NA,NA,NA,NA
"9",66377,4717,"Ndufc1","2310016K22Rik|KFYI","NADH:ubiquinone oxidoreductase subunit C1","MitoCarta3.0","literature, targetP signal+, mito protein domain+, coexpression++","MIM","OXPHOS > Complex I > CI subunits | OXPHOS > OXPHOS subunits","Tmito",17.3917,0.003,1,"literature, targetP signal+, mito protein domain+, coexpression++","ENSMUSG00000037152","Q9CQY9",76,1,"MitoDomain","49",NA,"NoMitoHomolog","NoHomolog",NA,"chr3",51405478,51408955,NA,NA,NA,NA,NA,NA,NA,NA,NA,NA,NA,NA,NA,NA,NA,NA,NA,NA,NA,NA,"Mitochondria (Supported)"
"10",83485,51335,"Ngrn","AW552001","neugrin, neurite outgrowth associated","MitoCarta3.0","APEX_matrix, targetP signal, yeast mito homolog++, mito protein domain+, coexpression","Matrix","Mitochondrial central dogma > mtRNA metabolism > mt-rRNA modifications | Mitochondrial central dogma > Translation > Mitochondrial ribosome assembly","Tmito",16.8435,0.003,1,"APEX_matrix, targetP signal, yeast mito homolog++, mito protein domain+, coexpression","ENSMUSG00000047084","Q99KS2",293,2,"MitoDomain","6",NA,"OrthologMitoHighConf","NoHomolog",NA,"chr7",80261214,80265378,NA,NA,NA,NA,NA,NA,NA,NA,NA,NA,NA,NA,NA,NA,NA,NA,NA,NA,NA,NA,"Mitochondria (Supported)"
"11",68066,51629,"Slc25a39","3010027G13Rik|D11Ertd333|D11Ertd333e","solute carrier family 25, member 39","MitoCarta3.0","literature, yeast mito homolog+, mito protein domain+, induction, coexpression","MIM","Small molecule transport > SLC25A family","Tmito",16.4398,0.004,1,"literature, yeast mito homolog+, mito protein domain+, induction, coexpression","ENSMUSG00000018677","Q9D8K8",359,NA,"MitoDomain","21",2.03,"OrthologMitoLowConf","NoHomolog",NA,"chr11",102402975,102407517,NA,NA,NA,NA,NA,NA,NA,NA,NA,NA,NA,NA,NA,NA,NA,NA,NA,NA,NA,NA,NA
"12",66390,51012,"Prelid3b","2310042G06Rik|AA407013|Sl|Slmo2","PRELI domain containing 3B","MitoCarta3.0","GFP, yeast mito homolog+, mito protein domain+, induction, coexpression","IMS","Metabolism > Lipid metabolism > Phospholipid metabolism","Tmito",16.4398,0.004,1,"GFP, yeast mito homolog+, mito protein domain+, induction, coexpression","ENSMUSG00000016257","Q9CYY7",195,NA,"MitoDomain","25",1.69,"OrthologMitoLowConf","NoHomolog",NA,"chr2",174465090,174472941,NA,NA,NA,NA,NA,NA,NA,NA,NA,NA,NA,NA,NA,NA,NA,NA,NA,NA,NA,NA,"Nucleoplasm (Approved)"
"13",66839,9812,"Dele1","0610009O20Rik|2700004E22Rik|DELE1(L)|Dele|Kiaa0141","DAP3 binding cell death enhancer 1","MitoCarta3.0","targetP signal+, yeast mito homolog, mito protein domain, induction, coexpression","MIM","Signaling","Tpossible_mito",16.4143,0.004,1,"targetP signal+, yeast mito homolog, mito protein domain, induction, coexpression","ENSMUSG00000024442","Q9DCV6",510,1,"SharedDomain","26",1.74,"HomologMitoHighConf","NoHomolog",NA,"chr18",38250248,38262629,NA,NA,NA,NA,NA,NA,NA,NA,NA,NA,NA,NA,NA,NA,NA,NA,NA,NA,NA,NA,"Nucleoplasm (Uncertain)"
"14",52535,64745,"Mettl17","2310032K15Rik|D14Ertd209|D14Ertd209e|Mett11d1","methyltransferase like 17","MitoCarta3.0","GFP, targetP signal+, yeast mito homolog++, mito protein domain+","Matrix","Mitochondrial central dogma > mtRNA metabolism > mt-rRNA modifications | Mitochondrial central dogma > Translation > Mitochondrial ribosome assembly","Tmito",15.7892,0.007,1,"GFP, targetP signal+, yeast mito homolog++, mito protein domain+","ENSMUSG00000004561","Q3U2U7",461,1,"MitoDomain","2",NA,"OrthologMitoHighConf","NoHomolog",NA,"chr14",51884841,51891868,NA,NA,NA,NA,NA,NA,NA,NA,NA,NA,NA,NA,NA,NA,NA,NA,NA,NA,NA,NA,"Nucleoplasm (Enhanced)"
"15",67390,55178,"Mrm3","4833420N02Rik|AI255153|HC90|Rnm|Rnmtl1","mitochondrial rRNA methyltransferase 3","MitoCarta3.0","APEX_matrix, GFP, targetP signal, mito protein domain+, induction, coexpression","Matrix","Mitochondrial central dogma > mtRNA metabolism > mt-rRNA modifications | Mitochondrial central dogma > Translation > Mitochondrial ribosome assembly","Tmito",15.3934,0.008,1,"APEX_matrix, GFP, targetP signal, mito protein domain+, induction, coexpression","ENSMUSG00000038046","Q5ND52",418,2,"MitoDomain","25",1.83,"NoMitoHomolog","NoHomolog",NA,"chr11",76243735,76250622,NA,NA,NA,NA,NA,NA,NA,NA,NA,NA,NA,NA,NA,NA,NA,NA,NA,NA,NA,NA,"Mitochondria (Supported)"
"16",231430,285521,"Cox18","BC038311","cytochrome c oxidase assembly protein 18","MitoCarta3.0","literature, targetP signal+, yeast mito homolog++, mito protein domain, coexpression","MIM","OXPHOS > Complex IV > CIV assembly factors | OXPHOS > OXPHOS assembly factors","Tmito",15.2806,0.008,1,"literature, targetP signal+, yeast mito homolog++, mito protein domain, coexpression","ENSMUSG00000035505","Q8VC74",332,1,"SharedDomain","12",NA,"OrthologMitoHighConf","NoHomolog",NA,"chr5",90214724,90223996,NA,NA,NA,NA,NA,NA,NA,NA,NA,NA,NA,NA,NA,NA,NA,NA,NA,NA,NA,NA,NA
"17",226153,56652,"Twnk","D19Ertd626|D19Ertd626e|PEO|Pe|Peo1|Tw|Twinl|twin","twinkle mtDNA helicase","MitoCarta3.0","literature, APEX_matrix, targetP signal+, Rickettsial homolog, induction, coexpression","Matrix","Mitochondrial central dogma > mtDNA maintenance > mtDNA replication | Mitochondrial central dogma > mtDNA maintenance > mtDNA nucleoid","Tmito",14.7876,0.008,1,"literature, APEX_matrix, targetP signal+, Rickettsial homolog, induction, coexpression","ENSMUSG00000025209","Q8CIW5",685,1,"NA","13",1.99,"NoMitoHomolog","Ortholog",NA,"chr19",45006557,45012762,NA,NA,NA,NA,NA,NA,NA,NA,NA,NA,NA,NA,NA,NA,NA,NA,NA,NA,NA,NA,NA
"18",11656,212,"Alas2","A|ALAS|ALAS-E|ALASE|Al|Alas-2","aminolevulinic acid synthase 2, erythroid","MitoCarta3.0","literature, targetP signal, yeast mito homolog+, Rickettsial homolog, mito protein domain+, coexpression","Matrix","Metabolism > Metals and cofactors > Heme synthesis and processing","Tmito",14.5478,0.007,1,"literature, targetP signal, yeast mito homolog+, Rickettsial homolog, mito protein domain+, coexpression","ENSMUSG00000025270","P08680",587,4,"MitoDomain","5",NA,"OrthologMitoLowConf","Homolog",NA,"chrX",150547416,150570622,NA,NA,NA,NA,NA,NA,NA,NA,NA,NA,NA,NA,NA,NA,NA,NA,NA,NA,NA,NA,NA
"19",14004,51142,"Chchd2","AL033347|Etoh|Etohi6","coiled-coil-helix-coiled-coil-helix domain containing 2","MitoCarta3.0","APEX_IMS, targetP signal+, yeast mito homolog+, mito protein domain, coexpression","IMS","Mitochondrial dynamics and surveillance > Apoptosis","Tmito",13.9291,0.009,1,"APEX_IMS, targetP signal+, yeast mito homolog+, mito protein domain, coexpression","ENSMUSG00000070493","Q9D1L0",153,1,"SharedDomain","25",NA,"OrthologMitoLowConf","NoHomolog",NA,"chr5",129881160,129887470,NA,NA,NA,NA,NA,NA,NA,NA,NA,NA,NA,NA,NA,NA,NA,NA,NA,NA,NA,NA,"Mitochondria (Enhanced)"
"20",69606,123263,"Mtfmt","2310020P08Rik","mitochondrial methionyl-tRNA formyltransferase","MitoCarta3.0","literature, APEX_matrix, targetP signal, yeast mito homolog++, Rickettsial homolog, mito protein domain, coexpression","Matrix","Mitochondrial central dogma > Translation > fMet processing | Metabolism > Vitamin metabolism > Folate and 1-C metabolism","Tmito",12.9174,0.011,1,"literature, APEX_matrix, targetP signal, yeast mito homolog++, Rickettsial homolog, mito protein domain, coexpression","ENSMUSG00000059183","Q9D799",386,3,"SharedDomain","9",NA,"OrthologMitoHighConf","Homolog",NA,"chr9",65435781,65453054,NA,NA,NA,NA,NA,NA,NA,NA,NA,NA,NA,NA,NA,NA,NA,NA,NA,NA,NA,NA,"Nucleoplasm (Approved)"
"21",72085,64172,"Osgepl1","2610001M19Rik|AA416452","O-sialoglycoprotein endopeptidase-like 1","MitoCarta3.0","APEX_matrix, targetP signal, yeast mito homolog, Rickettsial homolog, mito protein domain, coexpression","Matrix","Mitochondrial central dogma > mtRNA metabolism > mt-tRNA modifications","Tmito",12.2734,0.014,1,"APEX_matrix, targetP signal, yeast mito homolog, Rickettsial homolog, mito protein domain, coexpression","ENSMUSG00000026096","Q6PEB4",414,2,"SharedDomain","23",NA,"HomologMitoHighConf","Homolog",NA,"chr1",53313623,53326342,NA,NA,NA,NA,NA,NA,NA,NA,NA,NA,NA,NA,NA,NA,NA,NA,NA,NA,NA,NA,"Mitochondria (Supported)"
"22",66586,54675,"Crls1","0610009I22Rik|4930557M15Rik|5730490M08Rik","cardiolipin synthase 1","MitoCarta3.0","literature, targetP signal, yeast mito homolog, Rickettsial homolog, mito protein domain, coexpression","MIM","Metabolism > Lipid metabolism > Cardiolipin synthesis","Tmito",12.2734,0.014,1,"literature, targetP signal, yeast mito homolog, Rickettsial homolog, mito protein domain, coexpression","ENSMUSG00000027357","Q80ZM8",303,2,"SharedDomain","20",NA,"HomologMitoHighConf","Homolog",NA,"chr2",132846665,132866768,NA,NA,NA,NA,NA,NA,NA,NA,NA,NA,NA,NA,NA,NA,NA,NA,NA,NA,NA,NA,NA
"23",66494,27166,"Prelid1","2610524G07Rik|Preli","PRELI domain containing 1","MitoCarta3.0","literature, APEX_IMS, GFP, targetP signal, yeast mito homolog++, mito protein domain+","IMS","Metabolism > Lipid metabolism > Cardiolipin synthesis | Metabolism > Lipid metabolism > Phospholipid metabolism","Tmito",11.8461,0.014,1,"literature, APEX_IMS, GFP, targetP signal, yeast mito homolog++, mito protein domain+","ENSMUSG00000021486","Q8R107",217,3,"MitoDomain","NA",NA,"OrthologMitoHighConf","NoHomolog",NA,"chr13",55322054,55325272,NA,NA,NA,NA,NA,NA,NA,NA,NA,NA,NA,NA,NA,NA,NA,NA,NA,NA,NA,NA,"Mitochondria (Supported)"
"24",56361,80324,"Pus1","A730013B20Rik|MPU|MPUS1|mPus1p","pseudouridine synthase 1","MitoCarta3.0","APEX_matrix, targetP signal, yeast mito homolog++, mito protein domain, coexpression","Matrix","Mitochondrial central dogma > mtRNA metabolism > mtRNA granules | Mitochondrial central dogma > mtRNA metabolism > mt-tRNA modifications","Tmito",11.6798,0.015,1,"APEX_matrix, targetP signal, yeast mito homolog++, mito protein domain, coexpression","ENSMUSG00000029507","Q9WU56",441,2,"SharedDomain","6",NA,"OrthologMitoHighConf","NoHomolog",NA,"chr5",110773666,110780615,NA,NA,NA,NA,NA,NA,NA,NA,NA,NA,NA,NA,NA,NA,NA,NA,NA,NA,NA,NA,"Mitochondria;Nucleoplasm (Supported)"
"25",69536,51409,"Hemk1","2310008M14Rik|AW049265","HemK methyltransferase family member 1","MitoCarta3.0","GFP, targetP signal, yeast mito homolog, Rickettsial homolog, mito protein domain+","Matrix","Mitochondrial central dogma > Translation > Translation factors","Tmito",11.6099,0.015,1,"GFP, targetP signal, yeast mito homolog, Rickettsial homolog, mito protein domain+","ENSMUSG00000032579","Q921L7",340,2,"MitoDomain","4",NA,"HomologMitoHighConf","Homolog",NA,"chr9",107327081,107338350,NA,NA,NA,NA,NA,NA,NA,NA,NA,NA,NA,NA,NA,NA,NA,NA,NA,NA,NA,NA,NA
"26",67942,517,"Atp5g2","1810041M08Rik|Atp5mc2","ATP synthase, H+ transporting, mitochondrial F0 complex, subunit C2 (subunit 9)","MitoCarta3.0","literature, targetP signal+, yeast mito homolog+, Rickettsial homolog, mito protein domain","MIM","OXPHOS > Complex V > CV subunits | OXPHOS > OXPHOS subunits","Tmito",11.1957,0.015,1,"literature, targetP signal+, yeast mito homolog+, Rickettsial homolog, mito protein domain","ENSMUSG00000062683","P56383",146,1,"SharedDomain","NA",NA,"OrthologMitoLowConf","Homolog",NA,"chr15",102662867,102671047,NA,NA,NA,NA,NA,NA,NA,NA,NA,NA,NA,NA,NA,NA,NA,NA,NA,NA,NA,NA,NA
"27",75422,29081,"Mettl5","2810410A08Rik","methyltransferase like 5","MitoCarta3.0","Rickettsial homolog, mito protein domain+, induction, coexpression","Matrix","Mitochondrial central dogma > mtRNA metabolism > mt-rRNA modifications","Tnon_mito",11.1634,0.016,1,"Rickettsial homolog, mito protein domain+, induction, coexpression","ENSMUSG00000051730","Q8K1A0",209,NA,"MitoDomain","8",1.01,"NoMitoHomolog","Ortholog",NA,"chr2",69871194,69885604,NA,NA,NA,NA,NA,NA,NA,NA,NA,NA,NA,NA,NA,NA,NA,NA,NA,NA,NA,NA,"Nucleoli (Approved)"
"28",208638,54977,"Slc25a38","AV019094|BC010801|a|appoptosin","solute carrier family 25, member 38","MitoCarta3.0","yeast mito homolog++, mito protein domain+, coexpression","MIM","Metabolism > Amino acid metabolism > Glycine metabolism | Metabolism > Metals and cofactors > Heme synthesis and processing | Metabolism > Vitamin metabolism > Folate and 1-C metabolism | Small molecule transport > SLC25A family","Tpossible_mito",11.1298,0.017,1,"yeast mito homolog++, mito protein domain+, coexpression","ENSMUSG00000032519","Q91XD8",326,NA,"MitoDomain","5",NA,"OrthologMitoHighConf","NoHomolog",NA,"chr9",120110398,120124319,NA,NA,NA,NA,NA,NA,NA,NA,NA,NA,NA,NA,NA,NA,NA,NA,NA,NA,NA,NA,NA
"29",215201,79979,"Trmt2b","4732479N06Rik","TRM2 tRNA methyltransferase 2B","MitoCarta3.0","GFP, targetP signal, mito protein domain+, induction, coexpression","Matrix","Mitochondrial central dogma > mtRNA metabolism > mt-tRNA modifications | Mitochondrial central dogma > mtRNA metabolism > mt-rRNA modifications","Tmito",11.1109,0.018,1,"GFP, targetP signal, mito protein domain+, induction, coexpression","ENSMUSG00000067369","Q8BQJ6",493,3,"MitoDomain","14",0.5,"NoMitoHomolog","NoHomolog",NA,"chrX",134222954,134276984,NA,NA,NA,NA,NA,NA,NA,NA,NA,NA,NA,NA,NA,NA,NA,NA,NA,NA,NA,NA,"Nucleoplasm (Approved)"
"30",22256,7374,"Ung","UNG1|UNG2","uracil DNA glycosylase","MitoCarta3.0","literature, targetP signal, yeast mito homolog, mito protein domain, induction","Matrix","Mitochondrial central dogma > mtDNA maintenance > mtDNA repair","Tmito",8.5002,0.029,1,"literature, targetP signal, yeast mito homolog, mito protein domain, induction","ENSMUSG00000029591","P97931",306,2,"SharedDomain","2",2.12,"HomologMitoHighConf","NoHomolog",NA,"chr5",114130434,114139321,NA,NA,NA,NA,NA,NA,NA,NA,NA,NA,NA,NA,NA,NA,NA,NA,NA,NA,NA,NA,"Cytosol (Approved)"
"31",99138,56910,"Stard7","AI852671|AL022671|AW544915","START domain containing 7","MitoCarta3.0","APEX_IMS, targetP signal, mito protein domain, induction, coexpression+","IMS","Metabolism > Lipid metabolism > Phospholipid metabolism | Small molecule transport","Tmito",8.3683,0.029,1,"APEX_IMS, targetP signal, mito protein domain, induction, coexpression+","ENSMUSG00000027367","Q8R1R3",373,3,"SharedDomain","34",1.28,"NoMitoHomolog","NoHomolog",NA,"chr2",127270228,127298934,NA,NA,NA,NA,NA,NA,NA,NA,NA,NA,NA,NA,NA,NA,NA,NA,NA,NA,NA,NA,"Mitochondria (Approved)"
"32",270035,137994,"Letm2","6030453H13|D030041N04Rik","leucine zipper-EF-hand containing transmembrane protein 2","MitoCarta3.0","targetP signal, yeast mito homolog+, mito protein domain+","MIM","0","Tpossible_mito",8.3129,0.029,1,"targetP signal, yeast mito homolog+, mito protein domain+","ENSMUSG00000037363","Q7TNU7",480,4,"MitoDomain","0",NA,"OrthologMitoLowConf","NoHomolog",NA,"chr8",25578489,25597487,NA,NA,NA,NA,NA,NA,NA,NA,NA,NA,NA,NA,NA,NA,NA,NA,NA,NA,NA,NA,"Nucleoplasm (Approved)"
"33",257635,113675,"Sdsl","4432411H13Rik|AI504310|SDH1|SDS|SDS-RS1|TDH","serine dehydratase-like","MitoCarta3.0","yeast mito homolog+, Rickettsial homolog, mito protein domain, coexpression","unknown","Metabolism > Amino acid metabolism > Serine metabolism","Tpossible_mito",8.05,0.031,1,"yeast mito homolog+, Rickettsial homolog, mito protein domain, coexpression","ENSMUSG00000029596","Q8R238",329,NA,"SharedDomain","10",NA,"OrthologMitoLowConf","Homolog",NA,"chr5",120458201,120472763,NA,NA,NA,NA,NA,NA,NA,NA,NA,NA,NA,NA,NA,NA,NA,NA,NA,NA,NA,NA,"Cytosol (Approved)"
"34",69821,130916,"Mterf4","1810059A23Rik|4933412H03Rik|Mterfd|Mterfd2","mitochondrial transcription termination factor 4","MitoCarta3.0","APEX_matrix, targetP signal, mito protein domain+, coexpression","Matrix","Mitochondrial central dogma > Translation > Mitochondrial ribosome assembly","Tmito",7.9655,0.032,1,"APEX_matrix, targetP signal, mito protein domain+, coexpression","ENSMUSG00000026273","Q8BVN4",346,3,"MitoDomain","10",0.37,"NoMitoHomolog","NoHomolog",NA,"chr1",93299210,93305870,NA,NA,NA,NA,NA,NA,NA,NA,NA,NA,NA,NA,NA,NA,NA,NA,NA,NA,NA,NA,"Cytosol;Mitochondria (Supported)"
"35",72960,116447,"Top1mt","2900052H09Rik","DNA topoisomerase 1, mitochondrial","MitoCarta3.0","literature, APEX_matrix, targetP signal+, mito protein domain, coexpression","Matrix","Mitochondrial central dogma > mtDNA maintenance > mtDNA replication | Mitochondrial central dogma > mtRNA metabolism > Transcription","Tmito",7.9172,0.032,1,"literature, APEX_matrix, targetP signal+, mito protein domain, coexpression","ENSMUSG00000000934","Q8R4U6",593,1,"SharedDomain","29",-0.62,"NoMitoHomolog","NoHomolog",NA,"chr15",75657032,75678790,NA,NA,NA,NA,NA,NA,NA,NA,NA,NA,NA,NA,NA,NA,NA,NA,NA,NA,NA,NA,"Mitochondria (Supported)"
"36",212862,56994,"Chpt1","-","choline phosphotransferase 1","MitoCarta3.0","targetP signal, mito protein domain, induction, coexpression+","MIM","Metabolism > Lipid metabolism > Phospholipid metabolism","Tnon_mito",7.3587,0.033,1,"targetP signal, mito protein domain, induction, coexpression+","ENSMUSG00000060002","Q8C025",406,4,"SharedDomain","31",0.82,"NoMitoHomolog","NoHomolog",NA,"chr10",88472812,88503970,NA,NA,NA,NA,NA,NA,NA,NA,NA,NA,NA,NA,NA,NA,NA,NA,NA,NA,NA,NA,"Vesicles (Supported)"
"37",11951,516,"Atp5g1","Atp5mc1","ATP synthase, H+ transporting, mitochondrial F0 complex, subunit C1 (subunit 9)","MitoCarta3.0","literature, targetP signal, yeast mito homolog+, Rickettsial homolog, mito protein domain","MIM","OXPHOS > Complex V > CV subunits | OXPHOS > OXPHOS subunits","Tmito",7.2525,0.034,1,"literature, targetP signal, yeast mito homolog+, Rickettsial homolog, mito protein domain","ENSMUSG00000006057","Q9CR84",136,3,"SharedDomain","NA",NA,"OrthologMitoLowConf","Homolog",NA,"chr11",96072792,96075694,NA,NA,NA,NA,NA,NA,NA,NA,NA,NA,NA,NA,NA,NA,NA,NA,NA,NA,NA,NA,NA
"38",109129,27249,"Mmadhc","2010311D03Rik|AI314967|CblD","methylmalonic aciduria (cobalamin deficiency) cblD type, with homocystinuria","MitoCarta3.0","APEX_matrix, targetP signal, induction, coexpression","Matrix","Metabolism > Vitamin metabolism > Vitamin B12 metabolism","Tmito",7.1947,0.034,1,"APEX_matrix, targetP signal, induction, coexpression","ENSMUSG00000026766","Q99LS1",296,2,"NA","20",0.64,"NoMitoHomolog","NoHomolog",NA,"chr2",50279880,50296677,NA,NA,NA,NA,NA,NA,NA,NA,NA,NA,NA,NA,NA,NA,NA,NA,NA,NA,NA,NA,NA
"39",14287,2356,"Fpgs","AA408187","folylpolyglutamyl synthetase","MitoCarta3.0","APEX_matrix, GFP, targetP signal, yeast mito homolog, Rickettsial homolog","Matrix","Metabolism > Vitamin metabolism > Folate and 1-C metabolism","Tmito",6.9954,0.037,1,"APEX_matrix, GFP, targetP signal, yeast mito homolog, Rickettsial homolog","ENSMUSG00000009566","P48760",587,2,"NA","4",NA,"HomologMitoHighConf","Ortholog",NA,"chr2",32682608,32694175,NA,NA,NA,NA,NA,NA,NA,NA,NA,NA,NA,NA,NA,NA,NA,NA,NA,NA,NA,NA,NA
"40",57869,90956,"Adck2","AA408112|BB006057","aarF domain containing kinase 2","MitoCarta3.0","GFP, targetP signal, yeast mito homolog, Rickettsial homolog, mito protein domain","MIM","0","Tmito",6.4463,0.044,1,"GFP, targetP signal, yeast mito homolog, Rickettsial homolog, mito protein domain","ENSMUSG00000046947","Q6NSR3",617,2,"SharedDomain","4",NA,"HomologMitoHighConf","Homolog",NA,"chr6",39573875,39588769,NA,NA,NA,NA,NA,NA,NA,NA,NA,NA,NA,NA,NA,NA,NA,NA,NA,NA,NA,NA,"Centrosome;Cytosol (Uncertain)"
"41",212528,55621,"Trmt1","6720406L13Rik|6720477L24|D8Ertd812|D8Ertd812e","tRNA methyltransferase 1","MitoCarta3.0","targetP signal+, yeast mito homolog, mito protein domain, coexpression","Matrix","Mitochondrial central dogma > mtRNA metabolism > mt-tRNA modifications","Tnon_mito",6.4278,0.044,1,"targetP signal+, yeast mito homolog, mito protein domain, coexpression","ENSMUSG00000001909","Q3TX08",663,1,"SharedDomain","6",NA,"HomologMitoLowConf","NoHomolog",NA,"chr8",84689246,84699808,NA,NA,NA,NA,NA,NA,NA,NA,NA,NA,NA,NA,NA,NA,NA,NA,NA,NA,NA,NA,"Cytosol;Plasma membrane (Approved)"
"42",67472,9650,"Mtfr1","1300002C08Rik|1700080D04Rik|2810026O10Rik|4930579E05Rik|Chppr|Fam54|Fam54a2","mitochondrial fission regulator 1","MitoCarta3.0","literature, targetP signal, mito protein domain+, coexpression","Membrane","Mitochondrial dynamics and surveillance > Fission","Tmito",6.2079,0.046,1,"literature, targetP signal, mito protein domain+, coexpression","ENSMUSG00000027601","Q99MB2",328,4,"MitoDomain","11",NA,"NoMitoHomolog","NoHomolog",NA,"chr3",19187328,19220817,NA,NA,NA,NA,NA,NA,NA,NA,NA,NA,NA,NA,NA,NA,NA,NA,NA,NA,NA,NA,"Mitochondria (Supported)"
"43",68731,79863,"Rbfa","1110032A13Rik|AI595940","ribosome binding factor A","MitoCarta3.0","APEX_matrix, targetP signal, Rickettsial homolog, coexpression","Matrix","Mitochondrial central dogma > Translation > Mitochondrial ribosome assembly","Tmito",6.0391,0.046,1,"APEX_matrix, targetP signal, Rickettsial homolog, coexpression","ENSMUSG00000024570","Q6P3B9",350,2,"NA","5",NA,"NoMitoHomolog","Ortholog",NA,"chr18",80192263,80200619,NA,NA,NA,NA,NA,NA,NA,NA,NA,NA,NA,NA,NA,NA,NA,NA,NA,NA,NA,NA,"Mitochondria (Supported)"
"44",19819,246243,"Rnaseh1","-","ribonuclease H1","MitoCarta3.0","literature, APEX_matrix, targetP signal, Rickettsial homolog, coexpression","Matrix","Mitochondrial central dogma > mtDNA maintenance > mtDNA replication | Mitochondrial central dogma > mtRNA metabolism > mtRNA stability and decay","Tmito",6.0391,0.046,1,"literature, APEX_matrix, targetP signal, Rickettsial homolog, coexpression","ENSMUSG00000020630","E9QLN8",285,2,"NA","5",NA,"NoMitoHomolog","Ortholog",NA,"chr12",28649601,28659591,NA,NA,NA,NA,NA,NA,NA,NA,NA,NA,NA,NA,NA,NA,NA,NA,NA,NA,NA,NA,NA
"45",53893,11164,"Nudt5","-","nudix (nucleoside diphosphate linked moiety X)-type motif 5","MitoCarta3.0","yeast mito homolog++, mito protein domain, coexpression","unknown","Metabolism > Nucleotide metabolism > Nucleotide synthesis and processing","Tnon_mito",5.9662,0.046,1,"yeast mito homolog++, mito protein domain, coexpression","ENSMUSG00000025817","Q9JKX6",218,NA,"SharedDomain","6",NA,"OrthologMitoHighConf","NoHomolog",NA,"chr2",5845033,5868736,NA,NA,NA,NA,NA,NA,NA,NA,NA,NA,NA,NA,NA,NA,NA,NA,NA,NA,NA,NA,"Vesicles (Approved)"
"46",66410,51001,"Mterf3","2410017I18Rik|Mterfd|Mterfd1","mitochondrial transcription termination factor 3","MitoCarta3.0","literature, APEX_matrix, GFP, targetP signal, mito protein domain+, coexpression","Matrix","Mitochondrial central dogma > Translation > Mitochondrial ribosome assembly","Tmito",5.7037,0.049,1,"literature, APEX_matrix, GFP, targetP signal, mito protein domain+, coexpression","ENSMUSG00000021519","Q8R3J4",412,3,"MitoDomain","5",NA,"NoMitoHomolog","NoHomolog",NA,"chr13",66912097,66933072,NA,NA,NA,NA,NA,NA,NA,NA,NA,NA,NA,NA,NA,NA,NA,NA,NA,NA,NA,NA,"Mitochondria;Nucleoplasm (Supported)"
"47",384071,284723,"Slc25a34","Gm1369","solute carrier family 25, member 34","MitoCarta3.0","yeast mito homolog+, mito protein domain+","MIM","Small molecule transport > SLC25A family","Tpossible_mito",5.4649,0.053,1,"yeast mito homolog+, mito protein domain+","ENSMUSG00000040740","A2ADF7",318,NA,"MitoDomain","2",NA,"OrthologMitoLowConf","NoHomolog",NA,"chr4",141618824,141623834,NA,NA,NA,NA,NA,NA,NA,NA,NA,NA,NA,NA,NA,NA,NA,NA,NA,NA,NA,NA,"Mitochondria (Approved)"
"48",328258,153328,"Slc25a48","AU042651|E230025K15","solute carrier family 25, member 48","MitoCarta3.0","yeast mito homolog+, mito protein domain+","MIM","Small molecule transport > SLC25A family","Tpossible_mito",5.4649,0.053,1,"yeast mito homolog+, mito protein domain+","ENSMUSG00000021509","Q8BW66",306,NA,"MitoDomain","0",NA,"OrthologMitoLowConf","NoHomolog",NA,"chr13",56438354,56472363,NA,NA,NA,NA,NA,NA,NA,NA,NA,NA,NA,NA,NA,NA,NA,NA,NA,NA,NA,NA,"Intermediate filaments (Approved)"
"49",246696,81894,"Slc25a28","Mfr|Mfrn2|Mrs3|Mrs3/4","solute carrier family 25, member 28","MitoCarta3.0","literature, yeast mito homolog+, mito protein domain+","MIM","Metabolism > Metals and cofactors > Iron homeostasis | Small molecule transport > SLC25A family","Tmito",5.4649,0.053,1,"literature, yeast mito homolog+, mito protein domain+","ENSMUSG00000040414","Q8R0Z5",364,NA,"MitoDomain","3",NA,"OrthologMitoLowConf","NoHomolog",NA,"chr19",43663800,43674881,NA,NA,NA,NA,NA,NA,NA,NA,NA,NA,NA,NA,NA,NA,NA,NA,NA,NA,NA,NA,NA
"50",194744,203427,"Slc25a43","Gm8","solute carrier family 25, member 43","MitoCarta3.0","yeast mito homolog+, mito protein domain+","MIM","Small molecule transport > SLC25A family","Tpossible_mito",5.4649,0.053,1,"yeast mito homolog+, mito protein domain+","ENSMUSG00000037636","A2A3V2",341,NA,"MitoDomain","NA",NA,"OrthologMitoLowConf","NoHomolog",NA,"chrX",36743631,36777307,NA,NA,NA,NA,NA,NA,NA,NA,NA,NA,NA,NA,NA,NA,NA,NA,NA,NA,NA,NA,"Nucleoplasm (Approved)"
"51",104910,283600,"Slc25a47","AI132487|AI876593|HDMCP","solute carrier family 25, member 47","MitoCarta3.0","literature, yeast mito homolog+, mito protein domain+","MIM","Small molecule transport > SLC25A family","Tmito",5.4649,0.053,1,"literature, yeast mito homolog+, mito protein domain+","ENSMUSG00000048856","Q6IS41",310,NA,"MitoDomain","2",NA,"OrthologMitoLowConf","NoHomolog",NA,"chr12",108851128,108856815,NA,NA,NA,NA,NA,NA,NA,NA,NA,NA,NA,NA,NA,NA,NA,NA,NA,NA,NA,NA,NA
"52",103775,284427,"Slc25a41","4933406J04Rik|AI507137","solute carrier family 25, member 41","MitoCarta3.0","yeast mito homolog+, mito protein domain+","MIM","Metabolism > Nucleotide metabolism > Nucleotide import | Small molecule transport > SLC25A family","Tpossible_mito",5.4649,0.053,1,"yeast mito homolog+, mito protein domain+","ENSMUSG00000011486","Q8BVN7",312,NA,"MitoDomain","2",NA,"OrthologMitoLowConf","NoHomolog",NA,"chr17",57032771,57041654,NA,NA,NA,NA,NA,NA,NA,NA,NA,NA,NA,NA,NA,NA,NA,NA,NA,NA,NA,NA,NA
"53",74686,NA,"Slc25a54","4930443G12Rik|SCaMC-1|SCaMC-1like","solute carrier family 25, member 54","MitoCarta3.0","yeast mito homolog+, mito protein domain+","Membrane","Small molecule transport > SLC25A family","Tpossible_mito",5.4649,0.053,1,"yeast mito homolog+, mito protein domain+","ENSMUSG00000027880","B1AUS6",473,NA,"MitoDomain","2",NA,"OrthologMitoLowConf","NoHomolog",NA,"chr3",109080498,109116582,NA,NA,NA,NA,NA,NA,NA,NA,NA,NA,NA,NA,NA,NA,NA,NA,NA,NA,NA,NA,NA
"54",67712,51312,"Slc25a37","1700020E22Rik|4930513O14Rik|4930526G11Rik|AI848481|C330015G08Rik|Fra|Mf|Mfr|Mfrn|Mfrn1|Ms|Mscp|frascati|mito|mitoferrin","solute carrier family 25, member 37","MitoCarta3.0","literature, yeast mito homolog+, mito protein domain+","MIM","Metabolism > Metals and cofactors > Iron homeostasis | Small molecule transport > SLC25A family","Tmito",5.4649,0.053,1,"literature, yeast mito homolog+, mito protein domain+","ENSMUSG00000034248","Q920G8",338,NA,"MitoDomain","4",NA,"OrthologMitoLowConf","NoHomolog",NA,"chr14",69241850,69285103,NA,NA,NA,NA,NA,NA,NA,NA,NA,NA,NA,NA,NA,NA,NA,NA,NA,NA,NA,NA,"Cytosol;Mitochondria (Approved)"
"55",22228,7351,"Ucp2","Slc25a8|UCP 2|UCPH","uncoupling protein 2 (mitochondrial, proton carrier)","MitoCarta3.0","literature, yeast mito homolog+, mito protein domain+","MIM","Small molecule transport > SLC25A family","Tmito",5.4649,0.053,1,"literature, yeast mito homolog+, mito protein domain+","ENSMUSG00000033685","P70406",309,NA,"MitoDomain","3",NA,"OrthologMitoLowConf","NoHomolog",NA,"chr7",100493344,100502173,NA,NA,NA,NA,NA,NA,NA,NA,NA,NA,NA,NA,NA,NA,NA,NA,NA,NA,NA,NA,"Mitochondria (Supported)"
"56",18294,4968,"Ogg1","Mmh","8-oxoguanine DNA-glycosylase 1","MitoCarta3.0","literature, targetP signal+, yeast mito homolog, mito protein domain","Matrix","Mitochondrial central dogma > mtDNA maintenance > mtDNA repair","Tmito",5.4395,0.053,1,"literature, targetP signal+, yeast mito homolog, mito protein domain","ENSMUSG00000030271","O08760",345,1,"SharedDomain","2",NA,"HomologMitoHighConf","NoHomolog",NA,"chr6",113326975,113334186,NA,NA,NA,NA,NA,NA,NA,NA,NA,NA,NA,NA,NA,NA,NA,NA,NA,NA,NA,NA,"Nucleoplasm (Enhanced)"
"57",66559,254042,"Metap1d","2310066F24Rik|3110033D18Rik|AV117938|MAP 1D|Map1d|MetAP 1D|Meta|Metapl1","methionyl aminopeptidase type 1D (mitochondrial)","MitoCarta3.0","literature, APEX_matrix, targetP signal, Rickettsial homolog, mito protein domain, coexpression","Matrix","Mitochondrial central dogma > Translation > fMet processing | Protein import, sorting and homeostasis > Protein homeostasis > Proteases","Tmito",5.3101,0.054,1,"literature, APEX_matrix, targetP signal, Rickettsial homolog, mito protein domain, coexpression","ENSMUSG00000041921","Q9CPW9",335,4,"SharedDomain","20",NA,"NoMitoHomolog","Homolog",NA,"chr2",71453337,71525191,NA,NA,NA,NA,NA,NA,NA,NA,NA,NA,NA,NA,NA,NA,NA,NA,NA,NA,NA,NA,"Vesicles (Uncertain)"
"58",79456,9401,"Recql4","RecQ4","RecQ protein-like 4","MitoCarta3.0","targetP signal, Rickettsial homolog, mito protein domain, coexpression","Matrix","Mitochondrial central dogma > mtDNA maintenance > mtDNA repair","Tnon_mito",5.1476,0.057,0,"targetP signal, Rickettsial homolog, mito protein domain, coexpression","ENSMUSG00000033762","Q75NR7",1216,3,"SharedDomain","10",NA,"NoMitoHomolog","Homolog",NA,"chr15",76703552,76710559,NA,NA,NA,NA,NA,NA,NA,NA,NA,NA,NA,NA,NA,NA,NA,NA,NA,NA,NA,NA,"Nucleoplasm (Enhanced)"
"59",229228,11162,"Nudt6","Asfgf2b","nudix (nucleoside diphosphate linked moiety X)-type motif 6","MitoCarta3.0","APEX_matrix, targetP signal, mito protein domain, coexpression","Matrix","0","Tmito",5.0821,0.059,1,"APEX_matrix, targetP signal, mito protein domain, coexpression","ENSMUSG00000050174","Q8CH40",312,2,"SharedDomain","27",NA,"NoMitoHomolog","NoHomolog",NA,"chr3",37404983,37419590,NA,NA,NA,NA,NA,NA,NA,NA,NA,NA,NA,NA,NA,NA,NA,NA,NA,NA,NA,NA,NA
"60",68943,65018,"Pink1","1190006F07Rik|AU042772|AW557854|BRPK|br|mFLJ00387","PTEN induced putative kinase 1","MitoCarta3.0","literature, targetP signal, mito protein domain, coexpression","MOM","Mitochondrial dynamics and surveillance > Mitophagy | Mitochondrial dynamics and surveillance > Autophagy | Signaling","Tmito",5.0821,0.059,1,"literature, targetP signal, mito protein domain, coexpression","ENSMUSG00000028756","Q99MQ3",580,2,"SharedDomain","20",NA,"NoMitoHomolog","NoHomolog",NA,"chr4",138313409,138326296,NA,NA,NA,NA,NA,NA,NA,NA,NA,NA,NA,NA,NA,NA,NA,NA,NA,NA,NA,NA,NA
"61",76357,57570,"Trmt5","2610027O18Rik|mKIAA1393","TRM5 tRNA methyltransferase 5","MitoCarta3.0","literature,targetP signal, yeast mito homolog, mito protein domain, coexpression","Matrix","Mitochondrial central dogma > mtRNA metabolism > mt-tRNA modifications","Tpossible_mito",4.6376,0.068,0,"targetP signal, yeast mito homolog, mito protein domain, coexpression","ENSMUSG00000034442","Q9D0C4",501,3,"SharedDomain","9",NA,"HomologMitoHighConf","NoHomolog",NA,"chr12",73280409,73286711,NA,NA,NA,NA,NA,NA,NA,NA,NA,NA,NA,NA,NA,NA,NA,NA,NA,NA,NA,NA,"Nucleoli;Nucleoplasm (Approved)"
"62",18207,4913,"Nthl1","Nth|Nth1|Octs3","nth (endonuclease III)-like 1 (E.coli)","MitoCarta3.0","literature, targetP signal, yeast mito homolog, Rickettsial homolog, mito protein domain","unknown","Metabolism > Metals and cofactors > Fe-S-containing proteins","Tmito",4.5901,0.073,1,"literature, targetP signal, yeast mito homolog, Rickettsial homolog, mito protein domain","ENSMUSG00000041429","O35980",300,3,"SharedDomain","3",NA,"HomologMitoHighConf","Homolog",NA,"chr17",24632681,24638838,NA,NA,NA,NA,NA,NA,NA,NA,NA,NA,NA,NA,NA,NA,NA,NA,NA,NA,NA,NA,NA
"63",228019,79828,"Mettl8","BC004636|T|Tip","methyltransferase like 8","MitoCarta3.0","APEX_matrix, targetP signal, mito protein domain+","Matrix","Mitochondrial central dogma > mtRNA metabolism","Tmito",4.4186,0.076,1,"APEX_matrix, targetP signal, mito protein domain+","ENSMUSG00000041975","A2AUU0",388,2,"MitoDomain","4",NA,"NoMitoHomolog","NoHomolog",NA,"chr2",70964561,71055606,NA,NA,NA,NA,NA,NA,NA,NA,NA,NA,NA,NA,NA,NA,NA,NA,NA,NA,NA,NA,"Cytosol (Approved)"
"64",208595,7978,"Mterf1b","Gm9897","mitochondrial transcription termination factor 1b","MitoCarta3.0","literature, APEX_matrix, targetP signal, mito protein domain+","Matrix","Mitochondrial central dogma > mtDNA maintenance > mtDNA nucleoid | Mitochondrial central dogma > mtRNA metabolism > Transcription","Tmito",4.4186,0.076,1,"literature, APEX_matrix, targetP signal, mito protein domain+","ENSMUSG00000053178","B9EJ57",381,2,"MitoDomain","NA",NA,"NoMitoHomolog","NoHomolog",NA,"chr5",4192366,4197651,NA,NA,NA,NA,NA,NA,NA,NA,NA,NA,NA,NA,NA,NA,NA,NA,NA,NA,NA,NA,"Mitochondria (Supported)"
"65",237926,55316,"Rsad1","B430319G23|BC056485","radical S-adenosyl methionine domain containing 1","MitoCarta3.0","APEX_matrix, targetP signal, Rickettsial homolog, mito protein domain, coexpression","MIM","Metabolism > Metals and cofactors > Fe-S-containing proteins","Tmito",4.3819,0.077,1,"APEX_matrix, targetP signal, Rickettsial homolog, mito protein domain, coexpression","ENSMUSG00000039096","Q5SUV1",442,3,"SharedDomain","8",0.32,"NoMitoHomolog","Homolog",NA,"chr11",94539797,94549207,NA,NA,NA,NA,NA,NA,NA,NA,NA,NA,NA,NA,NA,NA,NA,NA,NA,NA,NA,NA,"Cytosol (Approved)"
"66",66587,10922,"Fastk","0610011K02Rik|610011K02Rik","Fas-activated serine/threonine kinase","MitoCarta3.0","GFP, targetP signal, induction, coexpression","MIM","Mitochondrial central dogma > mtRNA metabolism > mtRNA granules | Mitochondrial central dogma > mtRNA metabolism > Polycistronic mtRNA processing | Mitochondrial central dogma > mtRNA metabolism > mtRNA stability and decay","Tmito",4.329,0.079,1,"GFP, targetP signal, induction, coexpression","ENSMUSG00000028959","Q8C725",545,4,"NA","20",0.9,"NoMitoHomolog","NoHomolog",NA,"chr5",24441039,24445235,NA,NA,NA,NA,NA,NA,NA,NA,NA,NA,NA,NA,NA,NA,NA,NA,NA,NA,NA,NA,"Mitochondria (Approved)"
"67",233801,341392,"Acsm4","O-M|O-MACS|OM|OMACS","acyl-CoA synthetase medium-chain family member 4","MitoCarta3.0","manual, targetP signal, yeast mito homolog, Rickettsial homolog, mito protein domain","Matrix","Metabolism > Lipid metabolism > Fatty acid oxidation","Tpossible_mito",4.2933,0.081,0,"targetP signal, yeast mito homolog, Rickettsial homolog, mito protein domain","ENSMUSG00000047026","Q80W40",580,2,"SharedDomain","NA",NA,"HomologMitoLowConf","Homolog",NA,"chr7",119690025,119714566,NA,NA,NA,NA,NA,NA,NA,NA,NA,NA,NA,NA,NA,NA,NA,NA,NA,NA,NA,NA,NA
"68",68241,84331,"Mcrip2","9530058B02Rik|Fam19|Fam195a","MAPK regulated corepressor interacting protein 2","MitoCarta3.0","induction, coexpression+","unknown","Signaling","Tnon_mito",3.9842,0.093,0,"induction, coexpression+","ENSMUSG00000025732","Q9CQB2",160,NA,"NA","39",3.86,"NoMitoHomolog","NoHomolog",NA,"chr17",25863697,25868738,NA,NA,NA,NA,NA,NA,NA,NA,NA,NA,NA,NA,NA,NA,NA,NA,NA,NA,NA,NA,NA
"69",66826,6901,"Taz","5031411C02Rik|9130012G04Rik|AW107266|AW552613|G4.5","tafazzin","MitoCarta3.0","literature,yeast mito homolog++, mito protein domain","IMS","Metabolism > Lipid metabolism > Cardiolipin synthesis","Tpossible_mito",3.573,0.109,0,"yeast mito homolog++, mito protein domain","ENSMUSG00000009995","I7HJS2",263,NA,"SharedDomain","4",0.24,"OrthologMitoHighConf","NoHomolog",NA,"chrX",74282696,74290151,NA,NA,NA,NA,NA,NA,NA,NA,NA,NA,NA,NA,NA,NA,NA,NA,NA,NA,NA,NA,"Plasma membrane (Approved)"
"70",58801,5366,"Pmaip1","N|Noxa","phorbol-12-myristate-13-acetate-induced protein 1","MitoCarta3.0","literature, targetP signal, mito protein domain+","MOM","Mitochondrial dynamics and surveillance > Apoptosis","Tmito",3.3105,0.118,1,"literature, targetP signal, mito protein domain+","ENSMUSG00000024521","Q9JM54",103,3,"MitoDomain","3",-0.77,"NoMitoHomolog","NoHomolog",NA,"chr18",66458603,66465558,NA,NA,NA,NA,NA,NA,NA,NA,NA,NA,NA,NA,NA,NA,NA,NA,NA,NA,NA,NA,"Vesicles (Approved)"
"71",71361,84883,"Aifm2","5430437E11Rik|Am|Amid|D730001I10Rik|FSP1|PR|PRG3","apoptosis-inducing factor, mitochondrion-associated 2","MitoCarta3.0","literature, yeast mito homolog, Rickettsial homolog, mito protein domain, coexpression","Membrane","Metabolism > Detoxification > ROS and glutathione metabolism | Mitochondrial dynamics and surveillance > Apoptosis","Tmito",3.2346,0.122,1,"literature, yeast mito homolog, Rickettsial homolog, mito protein domain, coexpression","ENSMUSG00000020085","Q8BUE4",380,NA,"SharedDomain","15",NA,"HomologMitoLowConf","Homolog",NA,"chr10",61715262,61739260,NA,NA,NA,NA,NA,NA,NA,NA,NA,NA,NA,NA,NA,NA,NA,NA,NA,NA,NA,NA,"Vesicles (Supported)"
"72",52668,3429,"Ifi27","1110013J02Rik|2900026P10Rik|D12Ertd647|D12Ertd647e|ISG12a|Ifi2|Ifi27l1","interferon, alpha-inducible protein 27","MitoCarta3.0","literature, targetP signal, induction, coexpression","Membrane","Signaling > Immune response | Mitochondrial dynamics and surveillance > Apoptosis","Tmito",3.1569,0.123,1,"literature, targetP signal, induction, coexpression","ENSMUSG00000064215","Q8C6G0",260,4,"NA","11",1.04,"NoMitoHomolog","NoHomolog",NA,"chr12",103434188,103440245,NA,NA,NA,NA,NA,NA,NA,NA,NA,NA,NA,NA,NA,NA,NA,NA,NA,NA,NA,NA,NA
"73",320183,253827,"Msrb3","D430026P16Rik|I-8-23|MsrB2","methionine sulfoxide reductase B3","MitoCarta3.0","yeast mito homolog+, mito protein domain","unknown","Metabolism > Detoxification > ROS and glutathione metabolism","Tpossible_mito",2.8588,0.134,0,"yeast mito homolog+, mito protein domain","ENSMUSG00000051236","Q8BU85",186,5,"SharedDomain","0",-0.28,"OrthologMitoLowConf","NoHomolog",NA,"chr10",120781100,120898971,NA,NA,NA,NA,NA,NA,NA,NA,NA,NA,NA,NA,NA,NA,NA,NA,NA,NA,NA,NA,NA
"74",16365,730249,"Acod1","AI323667|CAD|Ir|Irg1","aconitate decarboxylase 1","MitoCarta3.0","literature,yeast mito homolog, mito protein domain+","Matrix","Metabolism > Carbohydrate metabolism > Itaconate metabolism | Signaling > Immune response","Tpossible_mito",2.8025,0.139,0,"yeast mito homolog, mito protein domain+","ENSMUSG00000022126","P54987",488,NA,"MitoDomain","0",NA,"HomologMitoHighConf","NoHomolog",NA,"chr14",103047011,103056573,NA,NA,NA,NA,NA,NA,NA,NA,NA,NA,NA,NA,NA,NA,NA,NA,NA,NA,NA,NA,NA
"75",60507,81890,"Qtrt1","2610028E17Rik|Tgt","queuine tRNA-ribosyltransferase catalytic subunit 1","MitoCarta3.0","APEX_matrix, targetP signal, Rickettsial homolog, mito protein domain, coexpression","Matrix","Mitochondrial central dogma > mtRNA metabolism > mt-tRNA modifications","Tmito",2.6242,0.147,1,"APEX_matrix, targetP signal, Rickettsial homolog, mito protein domain, coexpression","ENSMUSG00000002825","Q9JMA2",403,4,"SharedDomain","6",NA,"NoMitoHomolog","Homolog",NA,"chr9",21411836,21420279,NA,NA,NA,NA,NA,NA,NA,NA,NA,NA,NA,NA,NA,NA,NA,NA,NA,NA,NA,NA,"Mitochondria (Approved)"
"76",242642,84842,"Hpdl","A830048M07Rik|BC034099|Glox|Gloxd1","4-hydroxyphenylpyruvate dioxygenase-like","MitoCarta3.0","manual, targetP signal, induction","unknown","0","Tnon_mito",2.6218,0.147,0,"targetP signal, induction","ENSMUSG00000043155","Q8K248",371,2,"NA","0",2.16,"NoMitoHomolog","NoHomolog",NA,"chr4",116819906,116821508,NA,NA,NA,NA,NA,NA,NA,NA,NA,NA,NA,NA,NA,NA,NA,NA,NA,NA,NA,NA,"Mitochondria (Supported)"
"77",110115,NA,"Cyp11b1","AA389061|CPN1|Cyp11|Cyp11b|Cyp11b-|Cyp11b-1|FHI","cytochrome P450, family 11, subfamily b, polypeptide 1","MitoCarta3.0","literature, targetP signal, mito protein domain, coexpression","MIM","Metabolism > Lipid metabolism > Cholesterol, bile acid, steroid synthesis","Tmito",2.3962,0.154,1,"literature, targetP signal, mito protein domain, coexpression","ENSMUSG00000075604","Q3TG86",501,2,"SharedDomain","8",NA,"NoMitoHomolog","NoHomolog",NA,"chr15",74834891,74841643,NA,NA,NA,NA,NA,NA,NA,NA,NA,NA,NA,NA,NA,NA,NA,NA,NA,NA,NA,NA,NA
"78",13072,1585,"Cyp11b2","ALDOS|Cpn2|Cyp11|Cyp11b|Cyp11b-|Cyp11b-2","cytochrome P450, family 11, subfamily b, polypeptide 2","MitoCarta3.0","literature, targetP signal, mito protein domain, coexpression","MIM","Metabolism > Lipid metabolism > Cholesterol, bile acid, steroid synthesis | Metabolism > Metals and cofactors > Heme-containing proteins","Tmito",2.3962,0.154,1,"literature, targetP signal, mito protein domain, coexpression","ENSMUSG00000022589","P15539",502,2,"SharedDomain","8",NA,"NoMitoHomolog","NoHomolog",NA,"chr15",74851009,74856318,NA,NA,NA,NA,NA,NA,NA,NA,NA,NA,NA,NA,NA,NA,NA,NA,NA,NA,NA,NA,NA
"79",71412,10202,"Dhrs2","5430405K24Rik|Hep27","dehydrogenase/reductase member 2","MitoCarta3.0","literature,targetP signal, Rickettsial homolog, mito protein domain","Matrix","Metabolism > Detoxification > Xenobiotic metabolism","Tpossible_mito",2.3487,0.155,0,"targetP signal, Rickettsial homolog, mito protein domain","ENSMUSG00000022209","Q149L0",282,2,"SharedDomain","NA",NA,"NoMitoHomolog","Homolog",NA,"chr14",55222006,55241440,NA,NA,NA,NA,NA,NA,NA,NA,NA,NA,NA,NA,NA,NA,NA,NA,NA,NA,NA,NA,"Mitochondria (Supported)"
"80",66971,51654,"Cdk5rap1","2310066P17Rik","CDK5 regulatory subunit associated protein 1","MitoCarta3.0","literature,targetP signal, Rickettsial homolog, mito protein domain","Matrix","Mitochondrial central dogma > mtRNA metabolism > mt-tRNA modifications","Tnon_mito",2.3487,0.155,0,"targetP signal, Rickettsial homolog, mito protein domain","ENSMUSG00000027487","Q8BTW8",588,2,"SharedDomain","1",NA,"NoMitoHomolog","Homolog",NA,"chr2",154335385,154372719,NA,NA,NA,NA,NA,NA,NA,NA,NA,NA,NA,NA,NA,NA,NA,NA,NA,NA,NA,NA,"Nuclear speckles (Approved)"
"81",330050,222234,"Fam185a","4631428I10|AI847670","family with sequence similarity 185, member A","MitoCarta3.0","APEX_matrix, targetP signal, coexpression","Matrix","0","Tmito",2.1291,0.169,1,"APEX_matrix, targetP signal, coexpression","ENSMUSG00000047221","Q7TPD2",378,2,"NA","11",NA,"NoMitoHomolog","NoHomolog",NA,"chr5",21424902,21482124,NA,NA,NA,NA,NA,NA,NA,NA,NA,NA,NA,NA,NA,NA,NA,NA,NA,NA,NA,NA,"Cytosol (Enhanced)"
"82",239555,54471,"Mief1","A230016E22|AI452372|Smc|Smcr7l","mitochondrial elongation factor 1","MitoCarta3.0","literature, mito protein domain, induction, coexpression","MOM | Matrix","Mitochondrial central dogma > Translation > Mitochondrial ribosome assembly | Mitochondrial dynamics and surveillance > Fission","Tmito",2.0898,0.172,1,"literature, mito protein domain, induction, coexpression","ENSMUSG00000022412","Q8BGV8",463,NA,"SharedDomain","14",0.79,"NoMitoHomolog","NoHomolog",NA,"chr15",80234079,80253371,NA,NA,NA,NA,NA,NA,NA,NA,NA,NA,NA,NA,NA,NA,NA,NA,NA,NA,NA,NA,"Intermediate filaments;Mitochondria (Approved)"
"83",329910,26027,"Acot11","1110020M10Rik|2010309H15Rik|AW060409|BFIT|BFIT1|The|Thea|Them1|mKIAA0707","acyl-CoA thioesterase 11","MitoCarta3.0","literature,targetP signal, mito protein domain, coexpression","Matrix","Metabolism > Lipid metabolism > Fatty acid oxidation","Tnon_mito",2.0538,0.177,0,"targetP signal, mito protein domain, coexpression","ENSMUSG00000034853","Q8VHQ9",594,3,"SharedDomain","15",NA,"NoMitoHomolog","NoHomolog",NA,"chr4",106744560,106799831,NA,NA,NA,NA,NA,NA,NA,NA,NA,NA,NA,NA,NA,NA,NA,NA,NA,NA,NA,NA,"Cytosol (Supported)"
"84",12177,665,"Bnip3l","C86132|D14Ertd719|D14Ertd719e|N|Nip3L|Nix","BCL2/adenovirus E1B interacting protein 3-like","MitoCarta3.0","literature, mito protein domain+, coexpression","MOM","Mitochondrial dynamics and surveillance > Apoptosis","Tmito",1.8462,0.193,1,"literature, mito protein domain+, coexpression","ENSMUSG00000022051","Q9Z2F7",218,NA,"MitoDomain","5",NA,"NoMitoHomolog","NoHomolog",NA,"chr14",66985239,67008877,NA,NA,NA,NA,NA,NA,NA,NA,NA,NA,NA,NA,NA,NA,NA,NA,NA,NA,NA,NA,"Mitochondria (Supported)"
"85",72168,150209,"Aifm3","2810401C16Rik|AI840249|Aifl","apoptosis-inducing factor, mitochondrion-associated 3","MitoCarta3.0","literature, Rickettsial homolog, mito protein domain+","MIM","Metabolism > Metals and cofactors > Fe-S-containing proteins | Mitochondrial dynamics and surveillance > Apoptosis","Tmito",1.7987,0.199,1,"literature, Rickettsial homolog, mito protein domain+","ENSMUSG00000022763","Q3TY86",598,NA,"MitoDomain","1",NA,"NoMitoHomolog","Homolog",NA,"chr16",17489690,17507482,NA,NA,NA,NA,NA,NA,NA,NA,NA,NA,NA,NA,NA,NA,NA,NA,NA,NA,NA,NA,"Mitochondria (Approved)"
"86",545725,NA,"Mterf1a","4931431L11Rik|9230106K09Rik|Mter|Mterf|Mterf1|mTERF1b","mitochondrial transcription termination factor 1a","MitoCarta3.0","literature, APEX_matrix, targetP signal, mito protein domain+","Matrix","Mitochondrial central dogma > mtDNA maintenance > mtDNA nucleoid | Mitochondrial central dogma > mtRNA metabolism > Transcription | Mitochondrial central dogma > Translation > Mitochondrial ribosome assembly","Tmito",1.5529,0.209,1,"literature, APEX_matrix, targetP signal, mito protein domain+","ENSMUSG00000040429","Q8CHZ9",379,4,"MitoDomain","3",NA,"NoMitoHomolog","NoHomolog",NA,"chr5",3890580,3893933,NA,NA,NA,NA,NA,NA,NA,NA,NA,NA,NA,NA,NA,NA,NA,NA,NA,NA,NA,NA,NA
"87",107999,8225,"Gtpbp6","AV119224|Pg|Pgbpll|p|pgpl","GTP binding protein 6 (putative)","MitoCarta3.0","APEX_matrix, targetP signal+, mito protein domain","Matrix","0","Tmito",1.342,0.219,1,"APEX_matrix, targetP signal+, mito protein domain","ENSMUSG00000033434","Q3U6U5",514,1,"SharedDomain","1",NA,"NoMitoHomolog","NoHomolog",NA,"chr5",110103976,110108197,NA,NA,NA,NA,NA,NA,NA,NA,NA,NA,NA,NA,NA,NA,NA,NA,NA,NA,NA,NA,"Mitochondria (Uncertain)"
"88",66198,284486,"Them5","1110007B02Rik|1110038F21Rik","thioesterase superfamily member 5","MitoCarta3.0","literature,targetP signal+, mito protein domain","Matrix","Metabolism > Lipid metabolism","Tpossible_mito",1.342,0.219,0,"targetP signal+, mito protein domain","ENSMUSG00000028148","Q9CQJ0",248,1,"SharedDomain","0",NA,"NoMitoHomolog","NoHomolog",NA,"chr3",94342098,94347352,NA,NA,NA,NA,NA,NA,NA,NA,NA,NA,NA,NA,NA,NA,NA,NA,NA,NA,NA,NA,NA
"89",67749,84709,"Mgarp","4930583H14Rik|AI195347|CESP-1|HUMMR|Osap|Qsap","mitochondria localized glutamic acid rich protein","MitoCarta3.0","literature, APEX_IMS, targetP signal, yeast mito homolog, coexpression","Membrane","Mitochondrial dynamics and surveillance > Trafficking","Tmito",0.7038,0.266,1,"literature, APEX_IMS, targetP signal, yeast mito homolog, coexpression","ENSMUSG00000037161","Q8VI64",283,3,"NA","7",NA,"HomologMitoLowConf","NoHomolog",NA,"chr3",51388412,51396547,NA,NA,NA,NA,NA,NA,NA,NA,NA,NA,NA,NA,NA,NA,NA,NA,NA,NA,NA,NA,"Mitochondria (Supported)"
"90",60315,60314,"Myg1","0610023A07Rik|2810433J21Rik|5830429P19Rik|AI325965|Gamm|Gamm1","melanocyte proliferating gene 1","MitoCarta3.0","literature, targetP signal, mito protein domain, coexpression","Matrix","Mitochondrial central dogma > mtRNA metabolism > mt-rRNA modifications | Mitochondrial central dogma > mtRNA metabolism > mt-mRNA modifications","Tmito",0.54,0.274,1,"literature, targetP signal, mito protein domain, coexpression","ENSMUSG00000001285","Q9JK81",380,3,"SharedDomain","7",NA,"NoMitoHomolog","NoHomolog",NA,"chr15",102331708,102338138,NA,NA,NA,NA,NA,NA,NA,NA,NA,NA,NA,NA,NA,NA,NA,NA,NA,NA,NA,NA,"Nucleoplasm (Supported)"
"91",320204,254013,"Etfbkmt","4833442J19Rik|AI256744|ETFB-KMT|Mettl2|Mettl20","electron transfer flavoprotein beta subunit lysine methyltransferase","MitoCarta3.0","literature,mito protein domain+","Matrix","Metabolism > Electron carriers > Q-linked reactions, other","Tnon_mito",0.5144,0.279,0,"mito protein domain+","ENSMUSG00000039958","Q80ZM3",255,5,"MitoDomain","3",NA,"NoMitoHomolog","NoHomolog",NA,"chr6",149141512,149151170,NA,NA,NA,NA,NA,NA,NA,NA,NA,NA,NA,NA,NA,NA,NA,NA,NA,NA,NA,NA,NA
"92",70603,4595,"Mutyh","5730495A01Rik|Mutyha|Mutyhalpha|Mutyhb|Mutyhbet|Mutyhbeta|Mutyhc|Myh","mutY DNA glycosylase","MitoCarta3.0","GFP, targetP signal, Rickettsial homolog, mito protein domain","Matrix","Mitochondrial central dogma > mtDNA maintenance","Tmito",0.4926,0.28,1,"GFP, targetP signal, Rickettsial homolog, mito protein domain","ENSMUSG00000028687","Q99P21",515,3,"SharedDomain","4",NA,"NoMitoHomolog","Homolog",NA,"chr4",116807733,116819431,NA,NA,NA,NA,NA,NA,NA,NA,NA,NA,NA,NA,NA,NA,NA,NA,NA,NA,NA,NA,"Nucleoplasm (Supported)"
"93",67054,10606,"Paics","2610511I09Rik|A|ADE2H|ADE2H1|AIRC|PAIS","phosphoribosylaminoimidazole carboxylase, phosphoribosylaminoribosylaminoimidazole, succinocarboxamide synthetase","MitoCarta3.0","APEX_matrix, Rickettsial homolog, coexpression","Matrix","Metabolism > Nucleotide metabolism > Nucleotide synthesis and processing","Tmito",0.3254,0.285,1,"APEX_matrix, Rickettsial homolog, coexpression","ENSMUSG00000029247","Q9DCL9",425,NA,"NA","7",NA,"NoMitoHomolog","Ortholog",NA,"chr5",76951410,76967505,NA,NA,NA,NA,NA,NA,NA,NA,NA,NA,NA,NA,NA,NA,NA,NA,NA,NA,NA,NA,"Cytosol (Approved)"
"94",78070,126129,"Cpt1c","6530437J22Rik|9630004I06Rik|CPT I-C|CPT IC|CPT1-B|CPTI-B","carnitine palmitoyltransferase 1c","MitoCarta3.0","literature, yeast mito homolog+, mito protein domain","MOM","Metabolism > Lipid metabolism > Fatty acid oxidation | Metabolism > Metals and cofactors > Carnitine synthesis and transport | Metabolism > Metals and cofactors > Carnitine shuttle","Tmito",0.3013,0.287,1,"literature, yeast mito homolog+, mito protein domain","ENSMUSG00000007783","Q8BGD5",798,NA,"SharedDomain","1",NA,"OrthologMitoLowConf","NoHomolog",NA,"chr7",44959371,44974851,NA,NA,NA,NA,NA,NA,NA,NA,NA,NA,NA,NA,NA,NA,NA,NA,NA,NA,NA,NA,"Centrosome (Approved)"
"95",241159,129807,"Neu4","9330166I04","sialidase 4","MitoCarta3.0","GFP, targetP signal+","MOM","Metabolism > Carbohydrate metabolism","Tmito",-0.4388,0.348,1,"GFP, targetP signal+","ENSMUSG00000034000","Q8BZL1",478,1,"NA","NA",NA,"NoMitoHomolog","NoHomolog",NA,"chr1",94020492,94028330,NA,NA,NA,NA,NA,NA,NA,NA,NA,NA,NA,NA,NA,NA,NA,NA,NA,NA,NA,NA,NA
"96",13115,1594,"Cyp27b1","Cp2|Cp2b|Cyp|Cyp1|Cyp27|Cyp27b|Cyp4|Cyp40|P450c|P450c1|Pd|Pddr|Vd|Vdd|Vdd1|Vddr|VddrI|Vdr","cytochrome P450, family 27, subfamily b, polypeptide 1","MitoCarta3.0","literature, targetP signal, mito protein domain","MIM","Metabolism > Metals and cofactors > Heme-containing proteins | Metabolism > Vitamin metabolism > Vitamin D metabolism","Tmito",-0.745,0.373,1,"literature, targetP signal, mito protein domain","ENSMUSG00000006724","O35084",507,2,"SharedDomain","2",NA,"NoMitoHomolog","NoHomolog",NA,"chr10",127048245,127053006,NA,NA,NA,NA,NA,NA,NA,NA,NA,NA,NA,NA,NA,NA,NA,NA,NA,NA,NA,NA,NA
"97",12457,25819,"Noct","AU043840|Ccr|Ccr4|Ccrn4l","nocturnin","MitoCarta3.0","literature,targetP signal, mito protein domain","Matrix","Metabolism > Metals and cofactors > NAD biosynthesis and metabolism","Tnon_mito",-0.745,0.373,0,"targetP signal, mito protein domain","ENSMUSG00000023087","O35710",429,2,"SharedDomain","0",NA,"NoMitoHomolog","NoHomolog",NA,"chr3",51224446,51251654,NA,NA,NA,NA,NA,NA,NA,NA,NA,NA,NA,NA,NA,NA,NA,NA,NA,NA,NA,NA,"Nuclear bodies (Supported)"
"98",17722,4541,"mt-Nd6","-","NADH dehydrogenase subunit 6","MitoCarta3.0","literature, Rickettsial homolog, mito protein domain","MIM","OXPHOS > Complex I > CI subunits | OXPHOS > OXPHOS subunits","Tmito",-1.035,0.407,1,"literature, Rickettsial homolog, mito protein domain","ENSMUSG00000064368","P03925",172,NA,"SharedDomain","NA",NA,"NoMitoHomolog","Ortholog",NA,"chrM",13551,14070,NA,NA,NA,NA,NA,NA,NA,NA,NA,NA,NA,NA,NA,NA,NA,NA,NA,NA,NA,NA,NA
"99",71804,113115,"Mtfr2","2610016C23Rik|4933412C16Rik|Dufd1|Fam5|Fam54a","mitochondrial fission regulator 2","MitoCarta3.0","manual, mito protein domain+","Membrane","Mitochondrial dynamics and surveillance > Fission","Tpossible_mito",-1.295,0.43,0,"mito protein domain+","ENSMUSG00000019992","Q8VED8",361,NA,"MitoDomain","0",NA,"NoMitoHomolog","NoHomolog",NA,"chr10",20347818,20361669,NA,NA,NA,NA,NA,NA,NA,NA,NA,NA,NA,NA,NA,NA,NA,NA,NA,NA,NA,NA,"Vesicles (Uncertain)"
"100",12124,638,"Bik","Biklk|Bl|Blk|Nb|Nbk","BCL2-interacting killer","MitoCarta3.0","manual, mito protein domain+","MOM","Mitochondrial dynamics and surveillance > Apoptosis","Tpossible_mito",-1.295,0.43,0,"mito protein domain+","ENSMUSG00000016758","O70337",150,NA,"MitoDomain","0",NA,"NoMitoHomolog","NoHomolog",NA,"chr15",83526861,83544635,NA,NA,NA,NA,NA,NA,NA,NA,NA,NA,NA,NA,NA,NA,NA,NA,NA,NA,NA,NA,NA
"101",16882,3980,"Lig3","D11Wsu78|D11Wsu78e","ligase III, DNA, ATP-dependent","MitoCarta3.0","literature,yeast mito homolog, mito protein domain, coexpression","Matrix","Mitochondrial central dogma > mtDNA maintenance > mtDNA replication | Mitochondrial central dogma > mtDNA maintenance > mtDNA repair","Tpossible_mito",-1.3729,0.439,0,"yeast mito homolog, mito protein domain, coexpression","ENSMUSG00000020697","Q80ZH7",1012,NA,"SharedDomain","5",NA,"HomologMitoLowConf","NoHomolog",NA,"chr11",82781134,82804274,NA,NA,NA,NA,NA,NA,NA,NA,NA,NA,NA,NA,NA,NA,NA,NA,NA,NA,NA,NA,"Nucleoplasm (Supported)"
"102",12952,1407,"Cry1","AU020726|AU021000|Ph|Phll1","cryptochrome 1 (photolyase-like)","MitoCarta3.0","literature, yeast mito homolog, mito protein domain, coexpression","unknown","0","Tmito",-1.3729,0.439,1,"literature, yeast mito homolog, mito protein domain, coexpression","ENSMUSG00000020038","P97784",606,NA,"SharedDomain","5",NA,"HomologMitoLowConf","NoHomolog",NA,"chr10",85131699,85185054,NA,NA,NA,NA,NA,NA,NA,NA,NA,NA,NA,NA,NA,NA,NA,NA,NA,NA,NA,NA,"Microtubules;Nuclear membrane;Nucleoplasm (Supported)"
"103",227682,26995,"Trub2","G430055L02Rik","TruB pseudouridine (psi) synthase family member 2","MitoCarta3.0","APEX_matrix, yeast mito homolog, Rickettsial homolog, mito protein domain","Matrix","Mitochondrial central dogma > mtRNA metabolism > mtRNA granules | Mitochondrial central dogma > mtRNA metabolism > mt-rRNA modifications","Tmito",-1.4204,0.443,1,"APEX_matrix, yeast mito homolog, Rickettsial homolog, mito protein domain","ENSMUSG00000039826","Q91WG3",331,NA,"SharedDomain","4",NA,"HomologMitoLowConf","Homolog",NA,"chr2",29776110,29787671,NA,NA,NA,NA,NA,NA,NA,NA,NA,NA,NA,NA,NA,NA,NA,NA,NA,NA,NA,NA,NA
"104",75266,387990,"Tomm20l","4930553D19Rik","translocase of outer mitochondrial membrane 20-like","MitoCarta3.0","manual, yeast mito homolog+","MOM","Protein import, sorting and homeostasis > Protein import and sorting","Tpossible_mito",-1.4795,0.449,0,"yeast mito homolog+","ENSMUSG00000021078","Q9D4V6",152,NA,"NA","2",NA,"OrthologMitoLowConf","NoHomolog",NA,"chr12",71111427,71123222,NA,NA,NA,NA,NA,NA,NA,NA,NA,NA,NA,NA,NA,NA,NA,NA,NA,NA,NA,NA,NA
"105",230734,79693,"Yrdc","AV303379|BC023823|IRIP|ITIP","yrdC domain containing (E.coli)","MitoCarta3.0","manual, targetP signal, Rickettsial homolog","Matrix","Mitochondrial central dogma > mtRNA metabolism > mt-tRNA modifications","Tpossible_mito",-1.7864,0.466,0,"targetP signal, Rickettsial homolog","ENSMUSG00000028889","Q3U5F4",280,3,"NonMitoDomain","3",NA,"NoMitoHomolog","Ortholog",NA,"chr4",124850758,124855242,NA,NA,NA,NA,NA,NA,NA,NA,NA,NA,NA,NA,NA,NA,NA,NA,NA,NA,NA,NA,"Mitochondria (Approved)"
"106",66628,54974,"Thg1l","-","tRNA-histidine guanylyltransferase 1-like (S. cerevisiae)","MitoCarta3.0","literature, targetP signal, coexpression","Matrix","Mitochondrial central dogma > mtRNA metabolism > mt-tRNA modifications","Tmito",-2.2127,0.492,1,"literature, targetP signal, coexpression","ENSMUSG00000011254","Q9CY52",298,2,"NonMitoDomain","5",NA,"NoMitoHomolog","NoHomolog",NA,"chr11",45948153,45955494,NA,NA,NA,NA,NA,NA,NA,NA,NA,NA,NA,NA,NA,NA,NA,NA,NA,NA,NA,NA,NA
"107",208084,80119,"Pif1","4631410M14|AI4494|AI449441","PIF1 5'-to-3' DNA helicase","MitoCarta3.0","literature, yeast mito homolog, mito protein domain","Matrix","Mitochondrial central dogma > mtDNA maintenance","Tmito",-2.3611,0.494,1,"literature, yeast mito homolog, mito protein domain","ENSMUSG00000041064","Q80SX8",650,NA,"SharedDomain","3",NA,"HomologMitoHighConf","NoHomolog",NA,"chr9",65587204,65595962,NA,NA,NA,NA,NA,NA,NA,NA,NA,NA,NA,NA,NA,NA,NA,NA,NA,NA,NA,NA,"Nucleoplasm (Supported)"
"108",67388,55969,"Rab5if","1110008F13Rik|AI316789|RCAF1|RIP5","RAB5 interacting factor","MitoCarta3.0","GFP, induction, coexpression","MIM","OXPHOS > OXPHOS assembly factors | OXPHOS > Respirasome assembly","Tmito",-2.5191,0.499,1,"GFP, induction, coexpression","ENSMUSG00000027637","Q9CQT9",129,NA,"NonMitoDomain","14",1.34,"NoMitoHomolog","NoHomolog",NA,"chr2",156863121,156873562,NA,NA,NA,NA,NA,NA,NA,NA,NA,NA,NA,NA,NA,NA,NA,NA,NA,NA,NA,NA,"Cytosol (Approved)"
"109",72140,84902,"Cep89","2610507L03Rik|Ccdc123","centrosomal protein 89","MitoCarta3.0","literature, targetP signal","IMS","OXPHOS > Complex IV > CIV assembly factors | OXPHOS > OXPHOS assembly factors","Tmito",-2.5259,0.501,1,"literature, targetP signal","ENSMUSG00000023072","Q9CZX2",791,2,"NA","1",NA,"NoMitoHomolog","NoHomolog",NA,"chr7",35397092,35438684,NA,NA,NA,NA,NA,NA,NA,NA,NA,NA,NA,NA,NA,NA,NA,NA,NA,NA,NA,NA,"Cytosol (Supported)"
"110",64833,NA,"Acot10","Acat|Acate3|MT-ACT4|MT-ACT48|p4|p48","acyl-CoA thioesterase 10","MitoCarta3.0","literature, targetP signal","Matrix","Metabolism > Lipid metabolism","Tmito",-2.5259,0.501,1,"literature, targetP signal","ENSMUSG00000047565","Q32MW3",439,2,"NA","3",NA,"NoMitoHomolog","NoHomolog",NA,"chr15",20665213,20666750,NA,NA,NA,NA,NA,NA,NA,NA,NA,NA,NA,NA,NA,NA,NA,NA,NA,NA,NA,NA,NA
"111",98363,80303,"Efhd1","4931430I01Rik|AI452351|PP30|PP3051|mito|mitocalcin","EF hand domain containing 1","MitoCarta3.0","literature, mito protein domain, induction","MIM","Signaling > Calcium homeostasis > EF hand proteins","Tmito",-2.5652,0.51,1,"literature, mito protein domain, induction","ENSMUSG00000026255","Q9D4J1",240,NA,"SharedDomain","1",0.77,"NoMitoHomolog","NoHomolog",NA,"chr1",87264363,87310791,NA,NA,NA,NA,NA,NA,NA,NA,NA,NA,NA,NA,NA,NA,NA,NA,NA,NA,NA,NA,"Golgi apparatus (Supported)"
"112",12122,637,"Bid","2700049M22Rik|AI875481|AU022477","BH3 interacting domain death agonist","MitoCarta3.0","literature, mito protein domain, coexpression","MOM","Mitochondrial dynamics and surveillance > Apoptosis","Tmito",-2.5694,0.516,1,"literature, mito protein domain, coexpression","ENSMUSG00000004446","P70444",195,NA,"SharedDomain","6",-1.01,"NoMitoHomolog","NoHomolog",NA,"chr6",120893118,120916820,NA,NA,NA,NA,NA,NA,NA,NA,NA,NA,NA,NA,NA,NA,NA,NA,NA,NA,NA,NA,"Cytosol (Supported)"
"113",13081,1591,"Cyp24a1","24-OH|24-OHase|CP2|CP24|Cyp2|Cyp24","cytochrome P450, family 24, subfamily a, polypeptide 1","MitoCarta3.0","literature, targetP signal, mito protein domain","MIM","Metabolism > Metals and cofactors > Heme-containing proteins | Metabolism > Vitamin metabolism > Vitamin D metabolism","Tmito",-2.6012,0.519,1,"literature, targetP signal, mito protein domain","ENSMUSG00000038567","Q64441",514,3,"SharedDomain","2",NA,"NoMitoHomolog","NoHomolog",NA,"chr2",170482964,170497138,NA,NA,NA,NA,NA,NA,NA,NA,NA,NA,NA,NA,NA,NA,NA,NA,NA,NA,NA,NA,"Mitochondria;Nucleoplasm (Supported)"
"114",20773,9517,"Sptlc2","LCB|LCB2|LCB2a|Sp|Spt2","serine palmitoyltransferase, long chain base subunit 2","MitoCarta3.0","GFP, Rickettsial homolog, mito protein domain","Membrane","Metabolism > Lipid metabolism > Phospholipid metabolism","Tmito",-2.6169,0.53,1,"GFP, Rickettsial homolog, mito protein domain","ENSMUSG00000021036","P97363",560,NA,"SharedDomain","4",0.29,"NoMitoHomolog","Homolog",NA,"chr12",87307888,87388230,NA,NA,NA,NA,NA,NA,NA,NA,NA,NA,NA,NA,NA,NA,NA,NA,NA,NA,NA,NA,"Mitochondria (Approved)"
"115",11792,328,"Apex1","APE|Apex|HA|HAP1|Ref-|Ref-1","apurinic/apyrimidinic endonuclease 1","MitoCarta3.0","literature,Rickettsial homolog, mito protein domain","Matrix","Mitochondrial central dogma > mtDNA maintenance > mtDNA repair","Tpossible_mito",-2.6169,0.53,0,"Rickettsial homolog, mito protein domain","ENSMUSG00000035960","P28352",317,NA,"SharedDomain","1",-0.92,"NoMitoHomolog","Homolog",NA,"chr14",50924948,50927188,NA,NA,NA,NA,NA,NA,NA,NA,NA,NA,NA,NA,NA,NA,NA,NA,NA,NA,NA,NA,"Nucleoplasm (Supported)"
"116",66369,54920,"Dus2","2310016K04Rik|Dus|Dus2l","dihydrouridine synthase 2","MitoCarta3.0","GFP, Rickettsial homolog, mito protein domain","Matrix","Mitochondrial central dogma > mtRNA metabolism > mt-tRNA modifications","Tmito",-3.3649,0.583,1,"GFP, Rickettsial homolog, mito protein domain","ENSMUSG00000031901","Q9D7B1",493,NA,"SharedDomain","3",NA,"NoMitoHomolog","Homolog",NA,"chr8",106011506,106053819,NA,NA,NA,NA,NA,NA,NA,NA,NA,NA,NA,NA,NA,NA,NA,NA,NA,NA,NA,NA,"Cytosol (Enhanced)"
"117",74450,80025,"Pank2","4933409I19Rik|AI642621","pantothenate kinase 2","MitoCarta3.0","literature, targetP signal, mito protein domain","IMS","Metabolism > Metals and cofactors > Coenzyme A metabolism","Tmito",-3.6108,0.621,1,"literature, targetP signal, mito protein domain","ENSMUSG00000037514","Q3U4S0",443,4,"SharedDomain","2",NA,"NoMitoHomolog","NoHomolog",NA,"chr2",131262499,131299188,NA,NA,NA,NA,NA,NA,NA,NA,NA,NA,NA,NA,NA,NA,NA,NA,NA,NA,NA,NA,"Cytosol (Supported)"
"118",50776,11232,"Polg2","mtPolB|p55|polG-beta","polymerase (DNA directed), gamma 2, accessory subunit","MitoCarta3.0","literature, APEX_matrix, targetP signal, mito protein domain","Matrix","Mitochondrial central dogma > mtDNA maintenance > mtDNA replication | Mitochondrial central dogma > mtDNA maintenance > mtDNA nucleoid","Tmito",-3.6108,0.621,1,"literature, APEX_matrix, targetP signal, mito protein domain","ENSMUSG00000020718","Q9QZM2",459,4,"SharedDomain","1",NA,"NoMitoHomolog","NoHomolog",NA,"chr11",106768203,106779537,NA,NA,NA,NA,NA,NA,NA,NA,NA,NA,NA,NA,NA,NA,NA,NA,NA,NA,NA,NA,"Nuclear bodies (Approved)"
"119",70310,57048,"Plscr3","2210403O21Rik|2610037N06Rik|ESTM3|X83310","phospholipid scramblase 3","MitoCarta3.0","literature,yeast mito homolog, mito protein domain","MIM","Metabolism > Lipid metabolism > Cardiolipin synthesis","Tpossible_mito",-3.766,0.635,0,"yeast mito homolog, mito protein domain","ENSMUSG00000019461","Q9JIZ9",296,NA,"SharedDomain","1",-0.19,"HomologMitoLowConf","NoHomolog",NA,"chr11",69846371,69852058,NA,NA,NA,NA,NA,NA,NA,NA,NA,NA,NA,NA,NA,NA,NA,NA,NA,NA,NA,NA,"Mitochondria (Supported)"
"120",14230,60681,"Fkbp10","65kD|AI325255|FKBP-10|FKBP-65|FKBP65|Fkbp|Fkbp-|Fkbp-rs1|Fkbp1|Fkbp1-rs|Fkbp6|Fkbprp","FK506 binding protein 10","MitoCarta3.0","APEX_IMS, mito protein domain","IMS","Protein import, sorting and homeostasis > Protein homeostasis > Chaperones","Tmito",-3.9012,0.638,1,"APEX_IMS, mito protein domain","ENSMUSG00000001555","Q61576",581,5,"SharedDomain","1",-0.45,"NoMitoHomolog","NoHomolog",NA,"chr11",100415693,100424840,NA,NA,NA,NA,NA,NA,NA,NA,NA,NA,NA,NA,NA,NA,NA,NA,NA,NA,NA,NA,"Vesicles (Approved)"
"121",66629,64083,"Golph3","4733401N08Rik|5730410D03Rik|AW413496","golgi phosphoprotein 3","MitoCarta3.0","literature, targetP signal, induction","IMS","0","Tmito",-4.3261,0.67,1,"literature, targetP signal, induction","ENSMUSG00000022200","Q9CRA5",298,4,"NonMitoDomain","3",0.54,"NoMitoHomolog","NoHomolog",NA,"chr15",12321495,12351267,NA,NA,NA,NA,NA,NA,NA,NA,NA,NA,NA,NA,NA,NA,NA,NA,NA,NA,NA,NA,"Golgi apparatus;Vesicles (Supported)"
"122",211064,8846,"Alkbh1","2700073G19Rik|Abh|Alk|Alkbh|al|alkB|hABH","alkB homolog 1, histone H2A dioxygenase","MitoCarta3.0","literature, APEX_matrix, mito protein domain","Matrix","Mitochondrial central dogma > mtRNA metabolism > mtRNA granules | Mitochondrial central dogma > mtRNA metabolism > mt-tRNA modifications","Tmito",-4.6493,0.698,1,"literature, APEX_matrix, mito protein domain","ENSMUSG00000079036","P0CB42",389,5,"SharedDomain","4",NA,"NoMitoHomolog","NoHomolog",NA,"chr12",87428077,87443839,NA,NA,NA,NA,NA,NA,NA,NA,NA,NA,NA,NA,NA,NA,NA,NA,NA,NA,NA,NA,"Nucleoplasm (Supported)"
"123",56697,11216,"Akap10","1500031L16Rik|B130049N18Rik|D-AK|D-AKAP-2|D-AKAP2|PRKA10","A kinase (PRKA) anchor protein 10","MitoCarta3.0","literature, mito protein domain","MOM","Signaling > cAMP-PKA signaling","Tmito",-4.6493,0.698,1,"literature, mito protein domain","ENSMUSG00000047804","O88845",662,5,"SharedDomain","1",NA,"NoMitoHomolog","NoHomolog",NA,"chr11",61871306,61930257,NA,NA,NA,NA,NA,NA,NA,NA,NA,NA,NA,NA,NA,NA,NA,NA,NA,NA,NA,NA,"Cytosol;Plasma membrane (Supported)"
"124",69577,79072,"Fastkd3","2310010B21Rik|AW048587","FAST kinase domains 3","MitoCarta3.0","APEX_matrix, targetP signal","Matrix","Mitochondrial central dogma > mtRNA metabolism > Polycistronic mtRNA processing | Mitochondrial central dogma > mtRNA metabolism > mtRNA stability and decay","Tmito",-5.3916,0.721,1,"APEX_matrix, targetP signal","ENSMUSG00000021532","Q8BSN9",661,4,"NA","3",NA,"NoMitoHomolog","NoHomolog",NA,"chr13",68582247,68592279,NA,NA,NA,NA,NA,NA,NA,NA,NA,NA,NA,NA,NA,NA,NA,NA,NA,NA,NA,NA,"Mitochondria;Nucleoplasm (Supported)"
"125",12125,10018,"Bcl2l11","1500006F24Rik|Bi|Bim|Bo|Bod|bcl2-L-11","BCL2-like 11 (apoptosis facilitator)","MitoCarta3.0","manual, targetP signal","MOM","Mitochondrial dynamics and surveillance > Apoptosis","Tpossible_mito",-5.3916,0.721,0,"targetP signal","ENSMUSG00000027381","O54918",196,4,"NA","0",NA,"NoMitoHomolog","NoHomolog",NA,"chr2",128126037,128162547,NA,NA,NA,NA,NA,NA,NA,NA,NA,NA,NA,NA,NA,NA,NA,NA,NA,NA,NA,NA,NA
"126",51800,666,"Bok","mat|matador|mtd","BCL2-related ovarian killer","MitoCarta3.0","manual, mito protein domain","MOM","Mitochondrial dynamics and surveillance > Apoptosis","Tpossible_mito",-5.7106,0.735,0,"mito protein domain","ENSMUSG00000026278","O35425",213,NA,"SharedDomain","1",-0.34,"NoMitoHomolog","NoHomolog",NA,"chr1",93685693,93695762,NA,NA,NA,NA,NA,NA,NA,NA,NA,NA,NA,NA,NA,NA,NA,NA,NA,NA,NA,NA,NA
"127",408022,201973,"Primpol","BC065112|Ccdc111","primase and polymerase (DNA-directed)","MitoCarta3.0","literature,mito protein domain","Matrix","Mitochondrial central dogma > mtDNA maintenance > mtDNA repair","Tpossible_mito",-6.4587,0.761,0,"mito protein domain","ENSMUSG00000038225","Q6P1E7",537,NA,"SharedDomain","0",NA,"NoMitoHomolog","NoHomolog",NA,"chr8",46575593,46617200,NA,NA,NA,NA,NA,NA,NA,NA,NA,NA,NA,NA,NA,NA,NA,NA,NA,NA,NA,NA,"Cytosol (Approved)"
"128",327762,1763,"Dna2","Dn|Dna2l|E130315B21Rik","DNA replication helicase/nuclease 2","MitoCarta3.0","literature, mito protein domain","Matrix","Mitochondrial central dogma > mtDNA maintenance > mtDNA replication | Metabolism > Metals and cofactors > Fe-S-containing proteins","Tmito",-6.4587,0.761,1,"literature, mito protein domain","ENSMUSG00000036875","Q6ZQJ5",1062,NA,"SharedDomain","1",NA,"NoMitoHomolog","NoHomolog",NA,"chr10",62947028,62974188,NA,NA,NA,NA,NA,NA,NA,NA,NA,NA,NA,NA,NA,NA,NA,NA,NA,NA,NA,NA,"Mitochondria (Supported)"
"129",271639,55811,"Adcy10","4930431D04Rik|4931412F17|Sa|Sacy|s|sAC","adenylate cyclase 10","MitoCarta3.0","literature,mito protein domain","Membrane","Signaling > cAMP-PKA signaling","Tnon_mito",-6.4587,0.761,0,"mito protein domain","ENSMUSG00000026567","Q8C0T9",1614,NA,"SharedDomain","2",NA,"NoMitoHomolog","NoHomolog",NA,"chr1",165485182,165576773,NA,NA,NA,NA,NA,NA,NA,NA,NA,NA,NA,NA,NA,NA,NA,NA,NA,NA,NA,NA,NA
"130",244954,167681,"Prss35","6030424L22Rik|P3D9","protease, serine 35","MitoCarta3.0","GFP, mito protein domain","unknown","Protein import, sorting and homeostasis > Protein homeostasis","Tmito",-6.4587,0.761,1,"GFP, mito protein domain","ENSMUSG00000033491","Q8C0F9",409,NA,"SharedDomain","NA",NA,"NoMitoHomolog","NoHomolog",NA,"chr9",86743632,86757506,NA,NA,NA,NA,NA,NA,NA,NA,NA,NA,NA,NA,NA,NA,NA,NA,NA,NA,NA,NA,NA
"131",237781,125170,"Mief2","AI482195|Gm11|Smc|Smcr7","mitochondrial elongation factor 2","MitoCarta3.0","literature,mito protein domain","MOM","Mitochondrial dynamics and surveillance > Fission","Tpossible_mito",-6.4587,0.761,0,"mito protein domain","ENSMUSG00000018599","Q5NCS9",454,NA,"SharedDomain","0",NA,"NoMitoHomolog","NoHomolog",NA,"chr11",60728397,60732951,NA,NA,NA,NA,NA,NA,NA,NA,NA,NA,NA,NA,NA,NA,NA,NA,NA,NA,NA,NA,NA
"132",106338,63899,"Nsun3","6720484A09Rik|AU022521","NOL1/NOP2/Sun domain family member 3","MitoCarta3.0","APEX_matrix, mito protein domain","Matrix","Mitochondrial central dogma > mtRNA metabolism > mt-tRNA modifications","Tmito",-6.4587,0.761,1,"APEX_matrix, mito protein domain","ENSMUSG00000050312","Q8CCT7",348,NA,"SharedDomain","2",NA,"NoMitoHomolog","NoHomolog",NA,"chr16",62734851,62786716,NA,NA,NA,NA,NA,NA,NA,NA,NA,NA,NA,NA,NA,NA,NA,NA,NA,NA,NA,NA,"Nuclear membrane;Nucleoplasm (Approved)"
"133",93728,140886,"Pabpc5","C820015E17","poly(A) binding protein, cytoplasmic 5","MitoCarta3.0","literature, mito protein domain","Matrix","0","Tmito",-6.4587,0.761,1,"literature, mito protein domain","ENSMUSG00000034732","Q8C7D3",381,NA,"SharedDomain","NA",NA,"NoMitoHomolog","NoHomolog",NA,"chrX",119927195,119930165,NA,NA,NA,NA,NA,NA,NA,NA,NA,NA,NA,NA,NA,NA,NA,NA,NA,NA,NA,NA,NA
"134",76571,51657,"Styxl1","1700011C14Rik|Dusp|Dusp24|Mkstyx","serine/threonine/tyrosine interacting-like 1","MitoCarta3.0","literature,mito protein domain","Matrix","Mitochondrial dynamics and surveillance > Apoptosis","Tnon_mito",-6.4587,0.761,0,"mito protein domain","ENSMUSG00000019178","Q9DAR2",321,NA,"SharedDomain","1",NA,"NoMitoHomolog","NoHomolog",NA,"chr5",135747219,135778385,NA,NA,NA,NA,NA,NA,NA,NA,NA,NA,NA,NA,NA,NA,NA,NA,NA,NA,NA,NA,"Nuclear speckles (Approved)"
"135",56632,56848,"Sphk2","C76851|Sk2|Spk2","sphingosine kinase 2","MitoCarta3.0","literature,mito protein domain","MIM","Metabolism > Lipid metabolism > Phospholipid metabolism | Mitochondrial dynamics and surveillance > Apoptosis","Tnon_mito",-6.4587,0.761,0,"mito protein domain","ENSMUSG00000057342","Q9JIA7",617,NA,"SharedDomain","0",NA,"NoMitoHomolog","NoHomolog",NA,"chr7",45709462,45718002,NA,NA,NA,NA,NA,NA,NA,NA,NA,NA,NA,NA,NA,NA,NA,NA,NA,NA,NA,NA,"Vesicles (Supported)"
"136",50873,5071,"Prkn","P|Pa|Park2","parkin RBR E3 ubiquitin protein ligase","MitoCarta3.0","manual, mito protein domain","MOM","Mitochondrial dynamics and surveillance > Mitophagy | Mitochondrial dynamics and surveillance > Autophagy","Tpossible_mito",-6.4587,0.761,0,"mito protein domain","ENSMUSG00000023826","Q9WVS6",464,NA,"SharedDomain","NA",NA,"NoMitoHomolog","NoHomolog",NA,"chr17",10840383,12063360,NA,NA,NA,NA,NA,NA,NA,NA,NA,NA,NA,NA,NA,NA,NA,NA,NA,NA,NA,NA,"Nuclear speckles (Supported)"
"137",28114,54888,"Nsun2","D13Wsu123e|Mi|Misu","NOL1/NOP2/Sun domain family member 2","MitoCarta3.0","literature,mito protein domain","Matrix","Mitochondrial central dogma > mtRNA metabolism > mt-tRNA modifications","Tnon_mito",-6.4587,0.761,0,"mito protein domain","ENSMUSG00000021595","Q1HFZ0",757,NA,"SharedDomain","3",NA,"NoMitoHomolog","NoHomolog",NA,"chr13",69612015,69635779,NA,NA,NA,NA,NA,NA,NA,NA,NA,NA,NA,NA,NA,NA,NA,NA,NA,NA,NA,NA,"Nucleoplasm (Approved)"
"138",18693,9463,"Pick1","Prk|Prkcabp","protein interacting with C kinase 1","MitoCarta3.0","literature, mito protein domain","unknown","0","Tmito",-6.4587,0.761,1,"literature, mito protein domain","ENSMUSG00000068206","Q8C1W2",416,NA,"SharedDomain","2",NA,"NoMitoHomolog","NoHomolog",NA,"chr15",79229172,79249466,NA,NA,NA,NA,NA,NA,NA,NA,NA,NA,NA,NA,NA,NA,NA,NA,NA,NA,NA,NA,"Mitochondria (Approved)"
"139",13400,1760,"Dmpk","DM|DMK|Dm15|MDPK|MT-PK","dystrophia myotonica-protein kinase","MitoCarta3.0","literature, mito protein domain","MOM","0","Tmito",-6.4587,0.761,1,"literature, mito protein domain","ENSMUSG00000030409","P54265",631,NA,"SharedDomain","2",NA,"NoMitoHomolog","NoHomolog",NA,"chr7",19083848,19093820,NA,NA,NA,NA,NA,NA,NA,NA,NA,NA,NA,NA,NA,NA,NA,NA,NA,NA,NA,NA,"Cytosol (Approved)"
"140",12371,842,"Casp9","AI115399|APAF-3|AW493809|CASP-9|Casp|Caspase-9|ICE-|ICE-LAP6|Mch6","caspase 9","MitoCarta3.0","literature,mito protein domain","IMS","Protein import, sorting and homeostasis > Protein homeostasis > Proteases | Mitochondrial dynamics and surveillance > Apoptosis","Tpossible_mito",-6.4587,0.761,0,"mito protein domain","ENSMUSG00000028914","Q8C3Q9",454,NA,"SharedDomain","1",NA,"NoMitoHomolog","NoHomolog",NA,"chr4",141793611,141815978,NA,NA,NA,NA,NA,NA,NA,NA,NA,NA,NA,NA,NA,NA,NA,NA,NA,NA,NA,NA,"Mitochondria (Approved)"
"141",12370,841,"Casp8","CASP-8|Casp|FLI|FLICE|MAC|MACH|Mch5","caspase 8","MitoCarta3.0","literature, mito protein domain","MOM","Protein import, sorting and homeostasis > Protein homeostasis | Mitochondrial dynamics and surveillance > Apoptosis","Tmito",-6.4587,0.761,1,"literature, mito protein domain","ENSMUSG00000026029","O89110",500,NA,"SharedDomain","3",NA,"NoMitoHomolog","NoHomolog",NA,"chr1",58795373,58847503,NA,NA,NA,NA,NA,NA,NA,NA,NA,NA,NA,NA,NA,NA,NA,NA,NA,NA,NA,NA,"Cytosol (Supported)"
"142",12367,836,"Casp3","A830040C14Rik|AC-|AC-3|CASP-3|CC3|CPP|CPP-32|CPP32|Casp|Caspase-3|Lice|SCA-1|Ya|Yama|mld|mldy","caspase 3","MitoCarta3.0","literature,mito protein domain","IMS","Protein import, sorting and homeostasis > Protein homeostasis > Proteases | Mitochondrial dynamics and surveillance > Apoptosis","Tpossible_mito",-6.4587,0.761,0,"mito protein domain","ENSMUSG00000031628","P70677",277,NA,"SharedDomain","4",NA,"NoMitoHomolog","NoHomolog",NA,"chr8",46617290,46639698,NA,NA,NA,NA,NA,NA,NA,NA,NA,NA,NA,NA,NA,NA,NA,NA,NA,NA,NA,NA,"Mitochondria;Nucleoplasm (Supported)"
"143",12050,599,"Bcl2l2","AW048834|Bcl-|Bcl-w|Gtrg|Gtrgal2|Gtro|Gtrosa41|bcl|bclw|c98","BCL2-like 2","MitoCarta3.0","literature, mito protein domain","MOM","Mitochondrial dynamics and surveillance > Apoptosis","Tmito",-6.4587,0.761,1,"literature, mito protein domain","ENSMUSG00000089682","P70345",193,NA,"SharedDomain","2",NA,"NoMitoHomolog","NoHomolog",NA,"chr14",54883424,54888234,NA,NA,NA,NA,NA,NA,NA,NA,NA,NA,NA,NA,NA,NA,NA,NA,NA,NA,NA,NA,"Nucleoplasm (Uncertain)"
"144",12049,10017,"Bcl2l10","AA420380|AU023065|B|Boo|C85687|D|Diva","Bcl2-like 10","MitoCarta3.0","manual, mito protein domain","MOM","Mitochondrial dynamics and surveillance > Apoptosis","Tpossible_mito",-6.4587,0.761,0,"mito protein domain","ENSMUSG00000032191","Q9Z0F3",191,NA,"SharedDomain","1",NA,"NoMitoHomolog","NoHomolog",NA,"chr9",75347757,75351640,NA,NA,NA,NA,NA,NA,NA,NA,NA,NA,NA,NA,NA,NA,NA,NA,NA,NA,NA,NA,NA
"145",12047,597,"Bcl2a1d","A1-|A1-d","B cell leukemia/lymphoma 2 related protein A1d","MitoCarta3.0","manual, mito protein domain","MOM","Mitochondrial dynamics and surveillance > Apoptosis","Tpossible_mito",-6.4587,0.761,0,"mito protein domain","ENSMUSG00000096581","O55179",172,NA,"SharedDomain","NA",NA,"NoMitoHomolog","NoHomolog",NA,"chr9",88723287,88731850,NA,NA,NA,NA,NA,NA,NA,NA,NA,NA,NA,NA,NA,NA,NA,NA,NA,NA,NA,NA,NA
"146",12043,596,"Bcl2","AW986256|Bcl-|Bcl-2|C430015F12Rik|D630044D05Rik|D830018M01Rik","B cell leukemia/lymphoma 2","MitoCarta3.0","literature, mito protein domain","MOM","Mitochondrial dynamics and surveillance > Apoptosis","Tmito",-6.4587,0.761,1,"literature, mito protein domain","ENSMUSG00000057329","P10417",236,NA,"SharedDomain","3",NA,"NoMitoHomolog","NoHomolog",NA,"chr1",106538177,106714290,NA,NA,NA,NA,NA,NA,NA,NA,NA,NA,NA,NA,NA,NA,NA,NA,NA,NA,NA,NA,"Nuclear membrane (Supported)"
"147",12015,572,"Bad","AI325008|Bbc2","BCL2-associated agonist of cell death","MitoCarta3.0","literature, mito protein domain","MOM","Mitochondrial dynamics and surveillance > Apoptosis","Tmito",-6.4587,0.761,1,"literature, mito protein domain","ENSMUSG00000024959","Q61337",204,NA,"SharedDomain","3",NA,"NoMitoHomolog","NoHomolog",NA,"chr19",6941860,6951905,NA,NA,NA,NA,NA,NA,NA,NA,NA,NA,NA,NA,NA,NA,NA,NA,NA,NA,NA,NA,"Mitochondria (Enhanced)"
"148",194908,201164,"Pld6","4933433K01Rik|Gm10|Zuc|mZuc|mit|mitoPLD","phospholipase D family, member 6","MitoCarta3.0","literature","MOM","Metabolism > Lipid metabolism > Cardiolipin synthesis | Mitochondrial dynamics and surveillance > Fusion","Tpossible_mito",-8.2395,0.844,0,"0","ENSMUSG00000043648","Q5SWZ9",147,NA,"NA","1",NA,"NoMitoHomolog","NoHomolog",NA,"chr11",59783892,59787657,NA,NA,NA,NA,NA,NA,NA,NA,NA,NA,NA,NA,NA,NA,NA,NA,NA,NA,NA,NA,NA
"149",170770,27113,"Bbc3","PU|PUMA|PUMA/JFY1","BCL2 binding component 3","MitoCarta3.0","manual","MOM","Mitochondrial dynamics and surveillance > Apoptosis","Tpossible_mito",-8.2395,0.844,0,"0","ENSMUSG00000002083","Q99ML1",193,NA,"NA","4",NA,"NoMitoHomolog","NoHomolog",NA,"chr7",16309582,16318334,NA,NA,NA,NA,NA,NA,NA,NA,NA,NA,NA,NA,NA,NA,NA,NA,NA,NA,NA,NA,"Cytosol (Approved)"
"150",78617,NA,"Cstad","9530039B02Rik","CSA-conditional, T cell activation-dependent protein","MitoCarta3.0","literature","MOM","Signaling > Immune response","Tmito",-8.2395,0.844,1,"literature","ENSMUSG00000047363","Q9D245",104,NA,"NA","NA",NA,"NoMitoHomolog","NoHomolog",NA,"chr2",30595043,30608945,NA,NA,NA,NA,NA,NA,NA,NA,NA,NA,NA,NA,NA,NA,NA,NA,NA,NA,NA,NA,NA
"151",73467,205327,"1700066M21Rik","AI428479","RIKEN cDNA 1700066M21 gene","MitoCarta3.0","APEX_matrix","Matrix","0","Tmito",-8.2395,0.844,1,"APEX_matrix","ENSMUSG00000038323","Q9D9H8",365,NA,"NA","3",NA,"NoMitoHomolog","NoHomolog",NA,"chr1",57377619,57385422,NA,NA,NA,NA,NA,NA,NA,NA,NA,NA,NA,NA,NA,NA,NA,NA,NA,NA,NA,NA,NA
"152",68166,56907,"Spire1","6030430B19Rik|AI415299|AU022898|AW550622|Sp|Spir-1","spire type actin nucleation factor 1","MitoCarta3.0","literature","MOM","Mitochondrial dynamics and surveillance > Fission | Mitochondrial dynamics and surveillance > Organelle contact sites","Tnon_mito",-8.2395,0.844,0,"0","ENSMUSG00000024533","D3YTL8",643,NA,"NA","0",NA,"NoMitoHomolog","NoHomolog",NA,"chr18",67488208,67552721,NA,NA,NA,NA,NA,NA,NA,NA,NA,NA,NA,NA,NA,NA,NA,NA,NA,NA,NA,NA,"Cytosol;Nucleoplasm (Approved)"
"153",78248,51309,"Armcx1","3010033I09Rik|ALEX1","armadillo repeat containing, X-linked 1","MitoCarta3.0","literature","MOM","Mitochondrial dynamics and surveillance > Trafficking","Tnon_mito",-10.3195,0.882,0,"0","ENSMUSG00000033460","Q9CX83",456,NA,"NonMitoDomain","2",-0.42,"NoMitoHomolog","NoHomolog",NA,"chrX",134717937,134721912,NA,NA,NA,NA,NA,NA,NA,NA,NA,NA,NA,NA,NA,NA,NA,NA,NA,NA,NA,NA,"Mitochondria;Nucleoplasm (Approved)"
"154",67416,9823,"Armcx2","3230401N03Rik|AI043003|ALEX2","armadillo repeat containing, X-linked 2","MitoCarta3.0","literature","Membrane","0","Tnon_mito",-10.3195,0.882,0,"0","ENSMUSG00000033436","Q6A058",784,NA,"NonMitoDomain","0",-0.56,"NoMitoHomolog","NoHomolog",NA,"chrX",134804141,134809221,NA,NA,NA,NA,NA,NA,NA,NA,NA,NA,NA,NA,NA,NA,NA,NA,NA,NA,NA,NA,"Mitochondria (Approved)"
"155",278097,54470,"Armcx6","AW060994","armadillo repeat containing, X-linked 6","MitoCarta3.0","literature","Membrane","0","Tnon_mito",-11.0675,0.885,0,"0","ENSMUSG00000050394","Q8K3A6",301,NA,"NonMitoDomain","NA",NA,"NoMitoHomolog","NoHomolog",NA,"chrX",134748454,134751419,NA,NA,NA,NA,NA,NA,NA,NA,NA,NA,NA,NA,NA,NA,NA,NA,NA,NA,NA,NA,"Cytosol (Supported)"
"156",269642,339983,"Nat8l","1110038O08Rik|Sh|Shati","N-acetyltransferase 8-like","MitoCarta3.0","literature","Membrane","Metabolism > Amino acid metabolism > Glutamate metabolism","Tpossible_mito",-11.0675,0.885,0,"0","ENSMUSG00000048142","Q3UGX3",299,NA,"NonMitoDomain","0",NA,"NoMitoHomolog","NoHomolog",NA,"chr5",33995983,34005916,NA,NA,NA,NA,NA,NA,NA,NA,NA,NA,NA,NA,NA,NA,NA,NA,NA,NA,NA,NA,"Mitochondria (Approved)"
"157",77629,80309,"Sphkap","4930544G21Rik|A930009L15Rik|AI852220|S|SKIP|mKIAA1678","SPHK1 interactor, AKAP domain containing","MitoCarta3.0","manual","MIM","Signaling > cAMP-PKA signaling","Tpossible_mito",-11.0675,0.885,0,"0","ENSMUSG00000026163","Q6NSW3",1658,NA,"NonMitoDomain","1",NA,"NoMitoHomolog","NoHomolog",NA,"chr1",83255780,83408200,NA,NA,NA,NA,NA,NA,NA,NA,NA,NA,NA,NA,NA,NA,NA,NA,NA,NA,NA,NA,NA
"158",76781,64863,"Mettl4","2410198H06Rik|A730091E08Rik|AV296509|HsT66|HsT661","methyltransferase like 4","MitoCarta3.0","literature","Matrix","Mitochondrial central dogma > mtDNA maintenance > mtDNA modifications","Tnon_mito",-11.0675,0.885,0,"0","ENSMUSG00000055660","Q3U034",471,NA,"NonMitoDomain","3",NA,"NoMitoHomolog","NoHomolog",NA,"chr17",94727079,94749892,NA,NA,NA,NA,NA,NA,NA,NA,NA,NA,NA,NA,NA,NA,NA,NA,NA,NA,NA,NA,"Mitochondria (Approved)"
"159",71703,51566,"Armcx3","1200004E24Rik|AI450003|ALEX3","armadillo repeat containing, X-linked 3","MitoCarta3.0","literature","MOM","Mitochondrial dynamics and surveillance > Trafficking","Tpossible_mito",-11.0675,0.885,0,"0","ENSMUSG00000049047","Q8BHS6",379,NA,"NonMitoDomain","NA",NA,"NoMitoHomolog","NoHomolog",NA,"chrX",134756567,134761456,NA,NA,NA,NA,NA,NA,NA,NA,NA,NA,NA,NA,NA,NA,NA,NA,NA,NA,NA,NA,"Nucleoplasm (Approved)"
"160",67474,9342,"Snap29","1300018G05Rik|AI891940|AU020222|BB131856|Gs32","synaptosomal-associated protein 29","MitoCarta3.0","APEX_IMS","IMS","Mitochondrial dynamics and surveillance > Autophagy","Tmito",-11.0675,0.885,1,"APEX_IMS","ENSMUSG00000022765","Q9ERB0",260,NA,"NonMitoDomain","2",NA,"NoMitoHomolog","NoHomolog",NA,"chr16",17405999,17430826,NA,NA,NA,NA,NA,NA,NA,NA,NA,NA,NA,NA,NA,NA,NA,NA,NA,NA,NA,NA,"Cytosol (Supported)"
"161",18970,5423,"Polb","A430088C08Rik","polymerase (DNA directed), beta","MitoCarta3.0","literature","Matrix","Mitochondrial central dogma > mtDNA maintenance > mtDNA repair","Tnon_mito",-11.0675,0.885,0,"0","ENSMUSG00000031536","Q8K409",335,NA,"NonMitoDomain","3",NA,"NoMitoHomolog","NoHomolog",NA,"chr8",22628118,22653437,NA,NA,NA,NA,NA,NA,NA,NA,NA,NA,NA,NA,NA,NA,NA,NA,NA,NA,NA,NA,"Vesicles (Uncertain)"
"162",109729085,109703458,"Htd2","-","hydroxyacyl-thioester dehydratase type 2","MitoCarta3.0","literature","Matrix","Metabolism > Lipid metabolism > Type II fatty acid synthesis","NA - newly added to NCBI Entrez Gene",NA,NA,NA,NA,"ENSMUSG00000023156",NA,158,NA,NA,NA,NA,NA,NA,NA,NA,NA,NA,NA,NA,NA,NA,NA,NA,NA,NA,NA,NA,NA,NA,NA,NA,NA,NA,NA,NA,NA,NA,"Mitochondria (Supported)"
"163",66364,101928527,"Pigbos1","2310009A05Rik|5031420N21Rik","Pigb opposite strand 1","MitoCarta3.0","literature","MOM","Mitochondrial dynamics and surveillance > Organelle contact sites","NA - newly added to NCBI Entrez Gene",NA,NA,NA,NA,"ENSMUSG00000098332","A0A5F8MPY0",57,NA,NA,NA,NA,NA,NA,NA,NA,NA,NA,NA,NA,NA,NA,NA,NA,NA,NA,NA,NA,NA,NA,NA,NA,NA,NA,NA,NA,NA,NA,NA
